0,68,28,3.301757813,2.063476563,1.932617188,10.08203125,3.541015625,3.21875,16,16,28,28,0.111452908,0.125,0.125,,727.2
1,16,4,3.690429688,2.23046875,1.874023438,11.91015625,3.88671875,2.998046875,18,17,11,28,0.112898763,0.125,0.125,,0.125
2,17,3,4.54296875,2.4453125,1.903320313,15.44433594,4.3203125,2.935546875,22,19,37,37,0.116782924,0.142857143,0.142857143,,1
3,9,3,5.087890625,2.514648438,1.892578125,17.46777344,4.41015625,2.869140625,24,20,39,37,0.120211039,0.142857143,0.142857143,,0.223722592
4,14,4,5.306640625,2.732421875,1.85546875,18.41894531,5.123046875,2.818359375,26,21,47,37,0.12132859,0.142857143,0.142857143,,
5,11,2,5.62109375,3.270507813,1.897460938,20.58203125,6.986328125,2.890625,30,23,37,37,0.124259511,0.142857143,0.142857143,,0.225322243
6,7,4,6.061523438,4.181640625,1.998046875,23.58886719,10.46875,3.0546875,37,25,37,37,0.130833834,0.166666667,0.166666667,,
7,11,4,6.247070313,4.635742188,2.067382813,25.10253906,12.23046875,3.18359375,40,27,43,37,0.133825278,0.166666667,0.166666667,,
8,9,4,6.397460938,4.752929688,2.013671875,25.84765625,12.69140625,3.08203125,41,28,33,37,0.136532386,0.166666667,0.166666667,,
9,8,4,6.436523438,4.83984375,1.970703125,26.09277344,12.96875,3.01171875,42,30,61,61,0.139754443,0.2,0.2,,
10,6,5,6.62109375,4.958007813,2.04296875,27.38378906,13.41601563,3.142578125,43,31,37,61,0.147654242,0.2,0.2,,
11,5,4,6.930664063,4.961914063,2.061523438,29.28417969,13.65429688,3.181640625,46,32,59,61,0.154433108,0.2,0.2,,
12,3,5,7.374023438,4.93359375,2.022460938,31.95898438,13.86914063,3.10546875,48,33,83,61,0.161288597,0.2,0.2,,
13,5,4,8.000976563,4.875976563,2.064453125,35.46777344,14.05273438,3.18359375,52,35,93,93,0.17260714,0.25,0.25,,
14,4,5,8.583984375,5.076171875,2.030273438,38.45410156,15.30078125,3.1171875,56,36,91,93,0.176211966,0.25,0.25,,
15,5,5,9.038085938,5.34765625,1.985351563,40.7109375,16.8046875,3.02734375,60,38,87,93,0.176526601,0.25,0.25,,
16,4,5,9.358398438,5.581054688,2.008789063,44.06738281,18.3828125,3.07421875,65,39,91,93,0.176796706,0.25,0.25,,
17,5,7,9.747070313,6.043945313,2.028320313,49.48046875,22.0546875,3.1484375,74,41,97,93,0.187866739,0.25,0.25,,
18,7,9,10.125,6.951171875,2.166992188,58.07421875,30.00585938,3.4921875,91,44,93,93,0.20340134,0.333333333,0.333333333,,
19,5,11,10.36425781,7.72265625,2.104492188,64.49707031,36.01367188,3.341796875,103,47,117,93,0.215150388,0.333333333,0.333333333,,
20,7,11,10.65820313,8.04296875,2.16015625,67.14355469,38.4453125,3.46875,109,50,105,93,0.218172341,0.333333333,0.333333333,,
21,5,11,10.734375,8.28515625,2.112304688,68.37304688,40.10742188,3.33984375,111,53,103,93,0.223509721,0.333333333,0.333333333,,
22,6,11,10.84375,8.678710938,2.184570313,69.70410156,42.828125,3.5078125,116,55,129,93,0.233138831,0.333333333,0.333333333,,
23,7,11,10.74121094,9.100585938,2.13671875,69.640625,45.921875,3.392578125,118,58,107,93,0.25784551,0.333333333,0.333333333,,
24,5,9,10.53417969,9.46875,2.029296875,68.33007813,48.37304688,3.173828125,119,60,185,93,0.277213647,0.333333333,0.333333333,,
25,5,10,10.9453125,9.526367188,2.032226563,71.85839844,49.671875,3.1953125,124,63,137,93,0.279344999,0.333333333,0.333333333,,
26,7,11,11.15039063,9.709960938,2.010742188,74.04394531,51.55664063,3.142578125,128,65,187,93,0.285742258,0.333333333,0.333333333,,
27,7,11,11.47363281,9.875,1.952148438,77.0703125,53.86328125,2.98046875,133,68,223,223,0.284690516,0.5,0.5,,
28,7,9,11.63964844,10.07128906,1.952148438,79.15136719,55.1015625,2.943359375,137,70,225,223,0.288602191,0.5,0.5,,
29,6,9,11.99121094,10.25683594,1.959960938,84.03808594,57.11914063,2.986328125,144,73,127,223,0.291524445,0.5,0.5,,
30,7,13,12.64941406,10.41015625,1.899414063,92.79296875,58.77148438,2.83984375,154,75,221,223,0.314001306,0.5,0.5,,
31,9,14,13.67285156,10.65625,1.7890625,109.3476563,59.11523438,2.599609375,171,78,143,223,0.369477877,0.5,0.5,,
32,8,12,14.65625,10.58203125,1.712890625,125.9443359,58.47460938,2.427734375,186,81,119,223,0.40926378,0.5,0.5,,
33,9,14,15,10.72558594,1.709960938,130.3642578,59.77539063,2.427734375,192,85,235,223,0.416595045,0.5,0.5,,
34,22,12,15.19042969,10.73242188,1.666015625,132.7861328,60.72070313,2.3515625,195,88,161,223,0.419435567,0.5,0.5,,
35,8,13,15.20019531,10.87207031,1.715820313,133.734375,62.40234375,2.4921875,198,91,289,223,0.417467293,0.5,0.5,,
36,7,14,15.51074219,10.92285156,1.721679688,138.9052734,63.9453125,2.55078125,205,94,201,223,0.419747101,0.5,0.5,,
37,7,12,15.74902344,11.02636719,1.779296875,142.8056641,65.42578125,2.623046875,210,97,235,223,0.425579808,0.5,0.5,,
38,7,12,15.74609375,11.23730469,1.821289063,143.8828125,68.02539063,2.716796875,214,100,125,223,0.421009657,0.5,0.5,,
39,7,13,15.95996094,11.4375,1.799804688,146.4023438,70.77734375,2.654296875,219,103,233,223,0.427248031,0.5,0.5,,
40,9,14,15.953125,11.42871094,1.743164063,146.2890625,71.55859375,2.53125,220,106,297,223,0.431782107,0.5,0.5,,
41,8,14,16.06835938,11.59960938,1.688476563,149.5478516,73.61523438,2.40625,225,109,235,223,0.431713092,0.5,0.5,,
42,8,13,16.10351563,11.83398438,1.694335938,148.9150391,75.25585938,2.4296875,226,111,253,223,0.43464824,0.5,0.5,,
43,10,17,15.97851563,11.77539063,1.68359375,146.5556641,75.44335938,2.4609375,224,114,237,223,0.430102187,0.5,0.5,,
44,9,17,16.04492188,11.92871094,1.67578125,147.6884766,76.7265625,2.427734375,226,116,171,223,0.430378844,0.5,0.5,,
45,7,14,16.03125,11.88378906,1.744140625,148.3369141,77.765625,2.60546875,228,119,257,223,0.432043721,0.5,0.5,,
46,7,13,16.14453125,12.14453125,1.697265625,149.8837891,81.796875,2.4765625,234,121,275,223,0.434600539,0.5,0.5,,
47,8,15,16.05273438,12.390625,1.65625,150.4404297,84.7578125,2.38671875,237,124,317,223,0.432533095,0.5,0.5,,
48,10,18,16.06445313,12.44726563,1.651367188,150.296875,84.68945313,2.349609375,237,126,237,223,0.436732701,0.5,0.5,,
49,21,17,15.91894531,12.73730469,1.626953125,147.40625,88.18554688,2.318359375,237,128,155,223,0.431442283,0.5,0.5,,
50,10,15,16.00878906,12.89257813,1.620117188,150.7919922,90.91210938,2.2890625,243,131,303,223,0.430008793,0.5,0.5,,
,479,519,998,,,,,,,,,,,,,,
0,65,29,3.19140625,2.098632813,1.91015625,9.573242188,3.736328125,3.22265625,16,16,21,21,0.111258829,0.125,0.125,,
1,15,5,3.389648438,2.157226563,2.022460938,10.17480469,3.76171875,3.4765625,17,16,15,21,0.112518989,0.125,0.125,,
2,17,2,4.224609375,2.20703125,2.284179688,12.82226563,3.787109375,4.162109375,20,18,19,19,0.11539016,0.142857143,0.142857143,,
3,18,3,5.006835938,2.473632813,2.618164063,14.99023438,4.421875,5.060546875,24,19,21,19,0.118401615,0.142857143,0.142857143,,
4,14,3,5.231445313,2.557617188,2.755859375,15.703125,4.595703125,5.453125,25,20,43,19,0.120408219,0.142857143,0.142857143,,
5,9,4,5.467773438,2.754882813,2.749023438,16.9296875,4.978515625,5.439453125,27,22,28,19,0.121416206,0.142857143,0.142857143,,
6,8,3,5.874023438,2.845703125,2.7578125,20.18359375,5.1796875,5.859375,31,23,48,48,0.124443585,0.166666667,0.166666667,,
7,9,3,6.494140625,2.817382813,2.865234375,25.82617188,5.025390625,6.416015625,37,25,45,48,0.128399826,0.166666667,0.166666667,,
8,8,3,6.98046875,2.84765625,2.948242188,29.55957031,4.99609375,6.80859375,41,26,43,48,0.130847045,0.166666667,0.166666667,,
9,7,5,7.061523438,2.826171875,3.075195313,30.7109375,4.9296875,7.67578125,43,28,56,48,0.131542335,0.166666667,0.166666667,,
10,5,4,7.184570313,2.751953125,3.21484375,30.78320313,4.72265625,8.7734375,44,29,54,48,0.132006202,0.166666667,0.166666667,,
11,5,5,7.188476563,2.731445313,3.649414063,29.78515625,4.685546875,11.4921875,45,31,41,48,0.134823296,0.166666667,0.166666667,,
12,3,4,7.041992188,2.493164063,4.138671875,27.51953125,4.11328125,15.6171875,47,32,47,48,0.138191309,0.166666667,0.166666667,,
13,3,5,6.5625,2.283203125,4.96484375,22.56640625,3.619140625,22.40234375,48,33,43,48,0.14338319,0.166666667,0.166666667,,
14,6,5,6.375,2.248046875,5.403320313,20.54296875,3.55859375,25.72851563,49,34,67,48,0.147725194,0.166666667,0.166666667,,
15,4,5,6.563476563,2.288085938,5.568359375,20.9609375,3.638671875,26.6640625,51,35,60,48,0.14593409,0.166666667,0.166666667,,
16,3,5,6.567382813,2.3046875,5.765625,21.3046875,3.708984375,27.36132813,52,36,64,48,0.148942057,0.166666667,0.166666667,,
17,5,6,6.73046875,2.392578125,5.868164063,22.03027344,3.876953125,28.00585938,53,37,43,48,0.148007136,0.166666667,0.166666667,,
18,4,5,6.91796875,2.364257813,6.047851563,22.93554688,3.833984375,29.11914063,55,38,66,48,0.149704495,0.166666667,0.166666667,,
19,5,6,6.876953125,2.362304688,6.329101563,22.90332031,3.87890625,30.84960938,57,39,61,48,0.150488176,0.166666667,0.166666667,,
20,6,6,6.93359375,2.2890625,6.549804688,23.1015625,3.720703125,32.47460938,59,40,67,48,0.150353035,0.166666667,0.166666667,,
21,4,6,7.155273438,2.318359375,6.846679688,24.41210938,3.765625,34.35351563,62,41,51,48,0.150897367,0.166666667,0.166666667,,
22,4,5,7.232421875,2.282226563,7.006835938,24.81640625,3.693359375,35.63671875,64,42,60,48,0.150677323,0.166666667,0.166666667,,
23,3,5,7.5703125,2.282226563,7.139648438,26.41601563,3.69921875,36.27539063,66,43,65,48,0.151010735,0.166666667,0.166666667,,
24,4,6,7.8125,2.14453125,7.146484375,27.76171875,3.388671875,36.16015625,67,44,59,48,0.151695738,0.166666667,0.166666667,,
25,4,6,7.901367188,2.192382813,7.393554688,28.46679688,3.505859375,37.95898438,69,45,49,48,0.151943507,0.166666667,0.166666667,,
26,3,7,8.337890625,2.280273438,7.677734375,30.25292969,3.67578125,40.22265625,74,46,83,48,0.152019145,0.166666667,0.166666667,,
27,4,7,8.577148438,2.244140625,7.890625,31.13671875,3.650390625,41.16601563,75,47,77,48,0.152888363,0.166666667,0.166666667,,
28,4,6,8.927734375,2.258789063,8.119140625,33.14648438,3.728515625,42.87109375,79,48,82,82,0.153405427,0.2,0.2,,
29,4,7,9.0625,2.271484375,8.294921875,34.18652344,3.798828125,43.43359375,81,49,84,82,0.152954172,0.2,0.2,,
30,7,11,9.369140625,2.30859375,8.54296875,36.32617188,3.8828125,45.52734375,85,50,82,82,0.153374531,0.2,0.2,,
31,7,8,9.571289063,2.41015625,8.759765625,38.79785156,4.14453125,46.84570313,89,52,83,82,0.155301304,0.2,0.2,,
32,5,12,9.78515625,2.587890625,8.4453125,42.44921875,4.46484375,45.01757813,91,53,78,82,0.158969508,0.2,0.2,,
33,6,13,9.70703125,2.670898438,7.236328125,47.84375,4.49609375,37.57226563,89,54,62,82,0.164636389,0.2,0.2,,
34,3,16,9.470703125,2.670898438,5.876953125,51.78222656,4.4765625,28.77148438,85,55,123,82,0.171737182,0.2,0.2,,
35,5,16,9.5859375,2.6015625,5.806640625,53.29199219,4.35546875,28.265625,85,56,76,82,0.173692104,0.2,0.2,,
36,4,16,9.877929688,2.598632813,6.002929688,55.67285156,4.388671875,29.51953125,89,57,86,82,0.174674338,0.2,0.2,,
37,4,18,9.98046875,2.625976563,6.087890625,56.10449219,4.458984375,30.04296875,90,57,96,82,0.175140495,0.2,0.2,,
38,6,20,10.15136719,2.662109375,6.325195313,57.87207031,4.6015625,31.36914063,93,58,105,82,0.17513042,0.2,0.2,,
39,4,18,10.41503906,2.676757813,6.524414063,59.77050781,4.658203125,32.42773438,96,59,89,82,0.177248806,0.2,0.2,,
40,6,19,10.61132813,2.674804688,6.647460938,60.61230469,4.6640625,33.08398438,98,60,103,82,0.176601147,0.2,0.2,,
41,5,18,10.67382813,2.73828125,6.793945313,61.28222656,4.79296875,34.22070313,100,61,85,82,0.176462941,0.2,0.2,,
42,4,20,10.74511719,2.765625,6.9375,62.30371094,4.90234375,35.70703125,102,62,156,82,0.178465423,0.2,0.2,,
43,5,19,10.9765625,2.864257813,7.279296875,64.12890625,5.146484375,37.99414063,107,63,110,110,0.177044933,0.25,0.25,,
44,6,19,11.13964844,2.84375,7.4453125,65.40234375,5.142578125,39.3359375,109,64,123,110,0.177932189,0.25,0.25,,
45,9,23,11.46679688,2.846679688,7.639648438,68.19628906,5.138671875,40.73828125,114,65,127,110,0.178613528,0.25,0.25,,
46,5,20,11.59570313,2.705078125,8.087890625,70.828125,4.837890625,43.75,119,66,131,110,0.184621783,0.25,0.25,,
47,5,21,11.37304688,2.635742188,9.025390625,70.71875,4.625,48.81835938,124,68,126,110,0.192921719,0.25,0.25,,
48,4,24,10.25390625,2.40625,10.703125,64.21582031,3.9609375,57.02148438,125,69,119,110,0.209727211,0.25,0.25,,
49,4,25,9.900390625,2.2734375,11.41210938,62.74511719,3.640625,60.9140625,127,70,133,110,0.217466694,0.25,0.25,,
50,4,26,10.06835938,2.208984375,11.51855469,63.98144531,3.53125,62.0078125,129,71,186,110,0.219309198,0.25,0.25,,
,361,553,914,,,,,,,,,,,,,,
0,70,26,3.169921875,2.125,1.904296875,9.471679688,3.767578125,3.142578125,16,16,30,30,0.111176708,0.125,0.125,,
1,17,4,3.473632813,2.229492188,1.924804688,10.60839844,3.94921875,3.140625,17,17,32,32,0.112720889,0.142857143,0.142857143,,
2,21,4,4.391601563,2.430664063,1.89453125,14.16992188,4.47265625,3.05859375,21,18,32,32,0.116193534,0.142857143,0.142857143,,
3,16,3,5.044921875,2.55859375,1.884765625,16.84765625,4.947265625,3.029296875,24,20,34,32,0.119568452,0.142857143,0.142857143,,
4,10,3,5.182617188,2.762695313,1.84765625,16.89355469,5.59375,2.865234375,25,21,36,36,0.12011835,0.166666667,0.166666667,,
5,13,4,5.41796875,3.09765625,1.861328125,17.54589844,6.599609375,2.837890625,26,22,36,36,0.121073599,0.166666667,0.166666667,,
6,9,4,5.6640625,3.641601563,1.994140625,18.6171875,8.345703125,3.056640625,30,23,40,36,0.123237537,0.166666667,0.166666667,,
7,9,7,6.001953125,4.350585938,2.099609375,20.55273438,10.99414063,3.267578125,34,24,42,42,0.127333357,0.2,0.2,,
8,9,6,6.368164063,5.078125,2.240234375,22.49609375,13.484375,3.5625,39,26,38,42,0.131586231,0.2,0.2,,
9,5,7,6.602539063,5.529296875,2.462890625,23.62304688,15.30664063,3.97265625,42,28,52,42,0.134955688,0.2,0.2,,
10,5,11,7.037109375,6.0859375,2.780273438,26.20800781,17.75976563,4.625,48,29,76,42,0.140682037,0.2,0.2,,
11,5,13,7.368164063,6.461914063,3.0390625,28.1015625,19.67773438,5.140625,52,31,76,42,0.145604623,0.2,0.2,,
12,7,14,7.614257813,6.720703125,3.272460938,29.25390625,21.08203125,5.61328125,55,33,67,67,0.148436126,0.25,0.25,,
13,4,10,7.583007813,7.5859375,3.544921875,28.42089844,25.42382813,6.16015625,60,35,69,67,0.155680057,0.25,0.25,,
14,4,11,7.620117188,8.135742188,3.86328125,28.5234375,29.03320313,6.802734375,64,37,68,67,0.162121564,0.25,0.25,,
15,6,13,8.006835938,8.577148438,4.036132813,31.04003906,31.86328125,7.216796875,70,39,76,67,0.167675852,0.25,0.25,,
16,4,15,8.530273438,8.790039063,4.12109375,34.49121094,33.10546875,7.421875,75,41,79,67,0.172439307,0.25,0.25,,
17,6,17,8.826171875,8.948242188,4.211914063,37.11230469,34.46875,7.640625,79,43,77,67,0.181581803,0.25,0.25,,
18,4,13,9.232421875,9.012695313,4.301757813,40.14746094,35.03710938,7.927734375,83,45,75,67,0.195185533,0.25,0.25,,
19,5,18,9.3671875,9.215820313,4.39453125,41.57128906,36.49023438,8.150390625,86,47,81,67,0.202018053,0.25,0.25,,
20,5,13,9.674804688,9.524414063,4.461914063,43.21582031,37.9296875,8.298828125,89,49,81,67,0.201842082,0.25,0.25,,
21,6,14,9.9921875,9.965820313,4.618164063,44.69726563,39.89257813,8.623046875,93,51,78,67,0.206767839,0.25,0.25,,
22,5,13,10.14941406,10.40234375,4.7890625,46.08886719,41.73632813,9.146484375,96,53,92,67,0.207111538,0.25,0.25,,
23,5,13,10.44238281,10.64160156,4.936523438,47.64257813,42.74609375,9.58984375,99,55,134,67,0.20791382,0.25,0.25,,
24,5,15,10.71582031,10.98242188,5.106445313,49.86132813,44.83398438,9.912109375,104,57,113,67,0.209891253,0.25,0.25,,
25,6,18,11.15722656,11.14160156,5.291015625,53.23535156,46.34570313,10.2890625,109,59,99,67,0.213979217,0.25,0.25,,
26,6,20,11.33984375,11.24121094,5.479492188,54.5234375,47.13867188,10.79492188,112,61,106,106,0.214232306,0.333333333,0.333333333,,
27,7,19,11.76074219,11.46875,5.754882813,57.58300781,49.02734375,11.36132813,117,63,104,106,0.211891974,0.333333333,0.333333333,,
28,6,15,11.82617188,12.0078125,5.96875,58.16601563,51.58203125,11.875,121,65,112,106,0.218598513,0.333333333,0.333333333,,
29,7,15,11.99707031,12.1640625,6.421875,60.5546875,52.16601563,13.16210938,125,67,142,106,0.221628147,0.333333333,0.333333333,,
30,6,17,11.859375,12.14257813,7.055664063,62.01855469,50.28320313,15.0234375,127,69,116,116,0.230275058,0.5,0.5,,
31,6,19,11.17285156,12.0703125,8.536132813,60.47851563,46.83007813,19.53320313,126,71,102,116,0.244291795,0.5,0.5,,
32,6,21,10.99023438,11.68261719,9.916015625,62.23925781,41.66210938,23.86914063,127,73,104,116,0.265822285,0.5,0.5,,
33,7,21,11.26367188,11.64160156,10.14453125,64.97070313,41.19726563,24.47070313,130,74,124,124,0.27316662,1,1,,
,312,436,748,,,,,,,,,,,,,,
0,69,28,3.265625,1.998046875,1.826171875,9.939453125,3.46484375,2.927734375,16,16,13,13,0.111194464,0.125,0.125,,
1,16,4,3.447265625,2.071289063,1.90625,10.34082031,3.61328125,3.09765625,17,16,46,46,0.112191918,0.142857143,0.142857143,,
2,15,3,4.213867188,2.211914063,1.928710938,12.83398438,3.796875,3.1640625,19,17,23,46,0.115168883,0.142857143,0.142857143,,
3,18,3,4.9296875,2.440429688,1.969726563,15.30761719,4.330078125,3.212890625,22,19,21,46,0.118648081,0.142857143,0.142857143,,
4,23,3,5.201171875,2.676757813,1.954101563,16.45703125,4.84765625,3.13671875,24,20,23,46,0.121122814,0.142857143,0.142857143,,
5,7,3,5.401367188,2.833007813,1.821289063,17.59765625,5.3203125,2.828125,25,21,41,46,0.122178925,0.142857143,0.142857143,,
6,8,3,5.642578125,2.8984375,1.596679688,19.36132813,5.671875,2.298828125,27,21,42,46,0.125695783,0.142857143,0.142857143,,
7,9,4,5.950195313,3.03515625,1.548828125,21.41992188,6.15625,2.1796875,29,22,31,46,0.129004118,0.142857143,0.142857143,,
8,10,4,6.146484375,3.056640625,1.490234375,22.3046875,6.220703125,2.01953125,30,23,32,46,0.129432473,0.142857143,0.142857143,,
9,11,3,6.206054688,2.973632813,1.6015625,22.19628906,5.955078125,2.25,30,24,31,46,0.130701864,0.142857143,0.142857143,,
10,13,2,6.485351563,2.985351563,1.6171875,22.50683594,5.939453125,2.279296875,30,24,25,46,0.130684848,0.142857143,0.142857143,,
11,9,3,6.755859375,2.989257813,1.546875,23.58984375,5.890625,2.123046875,31,25,19,46,0.131551001,0.142857143,0.142857143,,
12,9,3,7.071289063,2.974609375,1.555664063,24.51757813,5.806640625,2.1484375,32,26,52,46,0.132009055,0.142857143,0.142857143,,
13,8,3,7.177734375,2.97265625,1.6171875,25.15039063,5.73828125,2.306640625,33,26,52,52,0.132935874,0.2,0.2,,
14,4,3,7.538085938,2.911132813,1.596679688,26.7578125,5.541015625,2.25390625,34,27,54,52,0.134032252,0.2,0.2,,
15,4,4,7.936523438,2.875976563,1.583007813,28.55078125,5.462890625,2.212890625,36,27,56,52,0.134024889,0.2,0.2,,
16,3,4,8.32421875,2.86328125,1.559570313,30.9609375,5.3984375,2.173828125,38,28,82,52,0.135685362,0.2,0.2,,
17,4,4,8.670898438,2.911132813,1.547851563,33.09667969,5.40625,2.146484375,40,29,45,52,0.1409941,0.2,0.2,,
18,3,4,8.930664063,3.021484375,1.491210938,37.27734375,5.548828125,2.0234375,44,29,23,52,0.152405965,0.2,0.2,,
19,4,3,8.291015625,3.163085938,1.446289063,36.36621094,6.021484375,1.91796875,44,30,23,52,0.170259902,0.2,0.2,,
20,5,3,7.798828125,3.078125,1.47265625,33.59667969,5.923828125,1.958984375,41,31,88,52,0.175530557,0.2,0.2,,
21,5,3,7.438476563,3.1171875,1.463867188,31.50390625,6.037109375,1.951171875,39,31,37,52,0.178246965,0.2,0.2,,
22,4,2,7.188476563,3.0625,1.469726563,29.92285156,5.95703125,1.94921875,37,31,25,52,0.178079378,0.2,0.2,,
23,3,2,6.866210938,2.944335938,1.4453125,28.28710938,5.673828125,1.90625,35,31,33,52,0.18047946,0.2,0.2,,
24,2,3,6.831054688,2.879882813,1.430664063,28.55566406,5.408203125,1.8984375,35,32,25,52,0.180579617,0.2,0.2,,
25,3,2,6.765625,2.842773438,1.440429688,28.22363281,5.33984375,1.908203125,35,32,25,52,0.183539039,0.2,0.2,,
26,3,1,6.78515625,2.802734375,1.5,28.68066406,5.28125,2.044921875,36,32,31,52,0.18411948,0.2,0.2,,
27,3,2,6.852539063,2.801757813,1.48046875,29.25,5.28515625,2,36,32,69,52,0.184311058,0.2,0.2,,
28,2,2,6.919921875,2.796875,1.501953125,30.109375,5.2421875,2.0546875,37,32,27,52,0.18665967,0.2,0.2,,
29,2,2,6.930664063,2.8125,1.56640625,29.89257813,5.33984375,2.185546875,37,32,37,52,0.184730572,0.2,0.2,,
30,3,2,7.021484375,2.8125,1.640625,30.99121094,5.263671875,2.357421875,38,33,43,52,0.185513794,0.2,0.2,,
31,2,2,7.2421875,2.76953125,1.608398438,32.54199219,5.107421875,2.27734375,39,33,53,52,0.184958507,0.2,0.2,,
32,3,3,7.434570313,2.764648438,1.66015625,34.26171875,5.09765625,2.419921875,41,33,41,52,0.186788399,0.2,0.2,,
33,4,4,7.7109375,2.784179688,1.642578125,36.83007813,5.1640625,2.37890625,44,33,27,52,0.188100804,0.2,0.2,,
34,4,3,7.99609375,2.625,1.7578125,38.81640625,4.75390625,2.6328125,46,34,23,52,0.188504323,0.2,0.2,,
35,4,4,8.24609375,2.577148438,1.771484375,40.03222656,4.623046875,2.6640625,47,34,65,52,0.189493498,0.2,0.2,,
36,4,4,8.463867188,2.606445313,1.741210938,41.84375,4.646484375,2.576171875,49,34,83,52,0.185842416,0.2,0.2,,
37,4,4,8.681640625,2.591796875,1.76171875,43.58496094,4.599609375,2.62890625,50,35,35,52,0.189063803,0.2,0.2,,
38,2,3,8.831054688,2.544921875,1.763671875,45.59472656,4.458984375,2.662109375,52,35,51,52,0.188463387,0.2,0.2,,
39,3,4,9.000976563,2.611328125,1.7109375,47.16308594,4.666015625,2.5078125,54,36,71,52,0.18845553,0.2,0.2,,
40,4,3,9.125,2.610351563,1.743164063,48.22753906,4.650390625,2.544921875,55,36,37,52,0.189617929,0.2,0.2,,
41,3,3,9.30078125,2.584960938,1.703125,50.10449219,4.57421875,2.46875,57,37,45,52,0.190544501,0.2,0.2,,
42,3,3,9.494140625,2.528320313,1.719726563,52.36328125,4.455078125,2.49609375,59,37,63,52,0.190473936,0.2,0.2,,
43,3,3,9.751953125,2.450195313,1.759765625,54.45996094,4.255859375,2.564453125,61,38,91,52,0.190611507,0.2,0.2,,
44,3,3,10.11914063,2.408203125,1.736328125,57.02441406,4.09765625,2.498046875,63,38,79,52,0.189775264,0.2,0.2,,
45,4,5,10.40625,2.421875,1.744140625,59.53027344,4.16015625,2.505859375,66,39,176,52,0.193166035,0.2,0.2,,
46,4,3,10.3828125,2.419921875,1.697265625,60.74414063,4.1328125,2.4140625,67,40,41,52,0.190866076,0.2,0.2,,
47,3,4,10.44921875,2.397460938,1.717773438,62.44628906,4.0859375,2.451171875,68,40,55,52,0.189735349,0.2,0.2,,
48,3,4,10.68359375,2.299804688,1.690429688,64.57421875,3.833984375,2.392578125,70,41,27,52,0.191032324,0.2,0.2,,
49,4,3,10.90234375,2.23828125,1.716796875,66.203125,3.658203125,2.45703125,72,41,85,52,0.190479009,0.2,0.2,,
50,4,3,11.20410156,2.28125,1.682617188,69.27539063,3.765625,2.388671875,75,42,63,52,0.191644225,0.2,0.2,,
,350,183,533,,,,,,,,,,,,,,
0,64,27,3.151367188,2.044921875,1.958984375,9.404296875,3.533203125,3.259765625,16,16,35,35,0.111230469,0.125,0.125,,
1,15,3,3.38671875,2.159179688,1.983398438,10.25976563,3.8203125,3.291015625,17,16,21,21,0.112365141,0.142857143,0.142857143,,
2,16,2,4.243164063,2.303710938,2.036132813,13.55371094,4.091796875,3.509765625,21,18,24,21,0.115575009,0.142857143,0.142857143,,
3,15,3,5.064453125,2.465820313,2.408203125,14.91308594,4.525390625,4.630859375,24,19,18,21,0.120990281,0.142857143,0.142857143,,
4,12,2,5.237304688,2.505859375,2.3515625,14.68359375,4.56640625,4.5859375,23,20,25,21,0.125009723,0.142857143,0.142857143,,
5,10,1,5.421875,2.446289063,2.080078125,14.29394531,4.2734375,4.072265625,22,20,20,21,0.131791971,0.142857143,0.142857143,,
6,7,1,5.569335938,2.408203125,2.01953125,14.49316406,4.1484375,3.8046875,22,21,21,21,0.133508565,0.142857143,0.142857143,,
7,8,2,5.62109375,2.455078125,1.977539063,14.57910156,4.236328125,3.607421875,22,21,20,21,0.134235738,0.142857143,0.142857143,,
8,10,2,5.7421875,2.421875,2.005859375,14.86914063,4.220703125,3.64453125,22,21,13,21,0.134059343,0.142857143,0.142857143,,
9,10,1,5.80078125,2.4140625,1.979492188,15.18554688,4.203125,3.5078125,22,21,37,21,0.133973454,0.142857143,0.142857143,,
10,9,2,6.025390625,2.428710938,1.958007813,16.10449219,4.23828125,3.400390625,23,21,15,21,0.134131212,0.142857143,0.142857143,,
11,5,2,6.134765625,2.431640625,1.920898438,16.37695313,4.2421875,3.24609375,23,21,37,37,0.134871384,0.166666667,0.166666667,,
12,6,1,6.372070313,2.43359375,1.987304688,17.33203125,4.2734375,3.39453125,25,22,33,37,0.135791368,0.166666667,0.166666667,,
13,4,1,6.407226563,2.403320313,2.004882813,17.6796875,4.228515625,3.310546875,25,22,35,37,0.135555401,0.166666667,0.166666667,,
14,2,1,6.62109375,2.256835938,2.008789063,19.35742188,3.845703125,3.29296875,26,22,37,37,0.137083622,0.166666667,0.166666667,,
15,3,2,6.859375,1.953125,1.874023438,24.15820313,3.154296875,2.896484375,30,23,35,35,0.141328498,0.2,0.2,,
16,2,2,7.342773438,1.392578125,1.823242188,32.83398438,1.837890625,2.73046875,37,23,39,35,0.15085576,0.2,0.2,,
17,3,3,7.749023438,1.219726563,1.782226563,37.63476563,1.4453125,2.62109375,41,24,97,35,0.157950071,0.2,0.2,,
18,4,3,8.002929688,1.234375,1.811523438,39.96777344,1.486328125,2.6640625,44,25,37,35,0.163338251,0.2,0.2,,
19,5,3,8.116210938,1.21484375,1.930664063,42.47167969,1.447265625,2.89453125,46,27,39,35,0.177302391,0.2,0.2,,
20,4,3,8.249023438,1.198242188,1.971679688,44.52441406,1.404296875,2.986328125,48,28,133,35,0.184163834,0.2,0.2,,
21,4,4,8.459960938,1.21484375,1.947265625,46.25585938,1.44140625,2.9375,50,29,97,97,0.184505314,0.25,0.25,,
22,4,5,8.754882813,1.208984375,1.975585938,48.53613281,1.431640625,2.9921875,52,30,97,97,0.186412324,0.25,0.25,,
23,3,4,9.155273438,1.20703125,1.97265625,51.57617188,1.4375,3.009765625,56,31,91,97,0.189305901,0.25,0.25,,
24,5,4,10.67578125,1.206054688,1.92578125,63.59863281,1.419921875,2.93359375,67,32,125,125,0.201102579,0.333333333,0.333333333,,
25,6,3,13.4296875,1.181640625,1.887695313,87.03515625,1.392578125,2.81640625,91,34,129,125,0.226930649,0.333333333,0.333333333,,
26,4,4,13.9453125,1.173828125,1.913085938,92.59570313,1.357421875,2.87890625,96,37,137,125,0.235495722,0.333333333,0.333333333,,
27,5,5,13.91210938,1.139648438,1.938476563,94.41210938,1.279296875,2.939453125,98,39,125,125,0.241789125,0.333333333,0.333333333,,
28,6,5,13.75585938,1.142578125,1.919921875,102.4189453,1.291015625,2.880859375,106,41,125,125,0.272260975,0.333333333,0.333333333,,
29,5,6,13.58984375,1.115234375,1.819335938,113.4824219,1.232421875,2.650390625,117,44,89,125,0.304918077,0.333333333,0.333333333,,
30,6,8,13.609375,1.129882813,1.916015625,114.8564453,1.26171875,2.85546875,118,46,131,125,0.308234515,0.333333333,0.333333333,,
31,7,6,13.72460938,1.159179688,1.915039063,115.8798828,1.34765625,2.869140625,120,48,129,125,0.307250589,0.333333333,0.333333333,,
32,6,6,13.7734375,1.178710938,1.89453125,117.1132813,1.38671875,2.8359375,121,51,135,125,0.305223447,0.333333333,0.333333333,,
33,7,8,13.89648438,1.196289063,1.908203125,118.4033203,1.4140625,2.869140625,122,53,117,125,0.308685593,0.333333333,0.333333333,,
34,7,7,13.93652344,1.147460938,1.9296875,119.2929688,1.302734375,2.927734375,123,55,125,125,0.307125841,0.333333333,0.333333333,,
35,6,6,13.93847656,1.118164063,1.930664063,120.2607422,1.23828125,2.91796875,124,57,123,125,0.308936322,0.333333333,0.333333333,,
36,5,7,14.01464844,1.140625,1.927734375,121.7539063,1.296875,2.900390625,125,59,193,125,0.310615537,0.333333333,0.333333333,,
37,5,8,14.01074219,1.161132813,1.92578125,121.8691406,1.33984375,2.9140625,126,60,81,125,0.311395554,0.333333333,0.333333333,,
38,6,6,14.04492188,1.16796875,1.92578125,124.4287109,1.35546875,2.888671875,128,62,153,125,0.307003348,0.333333333,0.333333333,,
39,6,6,14.16210938,1.184570313,1.978515625,125.7099609,1.40234375,2.998046875,130,64,137,125,0.315497892,0.333333333,0.333333333,,
40,6,7,14.10644531,1.197265625,2.01171875,125.5263672,1.419921875,3.072265625,130,65,89,125,0.311585054,0.333333333,0.333333333,,
41,6,7,14.16113281,1.200195313,1.997070313,127.09375,1.4140625,3.041015625,131,67,143,125,0.311342076,0.333333333,0.333333333,,
42,6,7,14.18554688,1.208007813,2.048828125,127.9599609,1.435546875,3.158203125,132,68,115,125,0.309211465,0.333333333,0.333333333,,
43,11,9,14.14355469,1.201171875,2.037109375,127.4785156,1.419921875,3.119140625,132,70,135,125,0.31152925,0.333333333,0.333333333,,
44,5,9,14.2421875,1.203125,2.114257813,128.8144531,1.416015625,3.255859375,133,71,137,125,0.309822979,0.333333333,0.333333333,,
45,6,8,14.35742188,1.227539063,2.173828125,130.4902344,1.4765625,3.38671875,135,73,159,125,0.312270585,0.333333333,0.333333333,,
46,6,8,14.40136719,1.25,2.153320313,132.4746094,1.5234375,3.365234375,137,74,101,125,0.311371528,0.333333333,0.333333333,,
47,5,6,14.3984375,1.215820313,2.133789063,133.8935547,1.44921875,3.326171875,138,75,127,125,0.309478082,0.333333333,0.333333333,,
48,4,7,14.53125,1.197265625,2.12890625,136.8808594,1.421875,3.341796875,141,77,89,125,0.310018679,0.333333333,0.333333333,,
49,5,8,14.52441406,1.1953125,2.055664063,135.4970703,1.421875,3.177734375,140,78,131,125,0.313293651,0.333333333,0.333333333,,
50,5,7,14.45800781,1.197265625,2.076171875,135.7128906,1.42578125,3.2421875,140,79,129,125,0.312593429,0.333333333,0.333333333,,
,382,258,640,,,,,,,,,,,,,,
0,67,27,3.348632813,2.05078125,1.924804688,10.359375,3.591796875,3.1796875,17,17,37,37,0.111233181,0.125,0.125,,
1,16,4,3.684570313,2.0859375,2.006835938,11.45703125,3.669921875,3.3046875,18,17,19,37,0.112752279,0.125,0.125,,
2,16,3,4.595703125,2.298828125,2.08203125,15.390625,4.150390625,3.431640625,22,19,29,29,0.116407835,0.142857143,0.142857143,,
3,10,3,5.296875,2.47265625,2.1640625,18.52832031,4.5234375,3.556640625,26,21,27,29,0.119195266,0.142857143,0.142857143,,
4,14,5,5.541015625,2.619140625,2.227539063,19.90527344,4.796875,3.68359375,28,22,29,29,0.12023112,0.142857143,0.142857143,,
5,9,5,5.69921875,2.90234375,2.286132813,21.40722656,5.466796875,3.736328125,30,24,39,29,0.121489448,0.142857143,0.142857143,,
6,10,5,5.873046875,3.37109375,2.359375,23.07324219,6.708984375,3.849609375,33,25,29,29,0.125599113,0.142857143,0.142857143,,
7,10,6,6.072265625,3.825195313,2.37890625,24.20898438,7.84375,3.880859375,35,26,33,29,0.129585687,0.142857143,0.142857143,,
8,10,4,6.502929688,4.069335938,2.268554688,25.34179688,8.4375,3.619140625,37,27,39,39,0.132145676,0.166666667,0.166666667,,
9,4,4,6.776367188,4.266601563,2.291015625,26.16601563,8.98046875,3.65234375,38,28,57,39,0.131730249,0.166666667,0.166666667,,
10,5,6,7.055664063,4.431640625,2.279296875,27.29882813,9.4921875,3.619140625,40,30,33,39,0.133690349,0.166666667,0.166666667,,
11,6,5,7.345703125,4.788085938,2.232421875,28.78417969,10.69335938,3.53515625,43,31,37,39,0.136962186,0.166666667,0.166666667,,
12,3,5,7.166992188,5.247070313,2.125976563,28.02246094,12.4140625,3.3359375,43,32,41,41,0.142345293,0.2,0.2,,
13,4,5,7.224609375,5.767578125,2.09765625,28.43261719,14.16601563,3.318359375,45,33,29,41,0.148322476,0.2,0.2,,
14,3,4,7.620117188,6.078125,2.12109375,30.47558594,15.04296875,3.3984375,48,34,31,41,0.151610694,0.2,0.2,,
15,4,5,7.977539063,5.934570313,2.185546875,32.24707031,14.39257813,3.4765625,50,35,59,41,0.156942965,0.2,0.2,,
16,3,5,8.485351563,5.337890625,2.08203125,33.62988281,11.953125,3.21484375,48,35,57,41,0.168188523,0.2,0.2,,
17,3,6,8.86328125,5.15234375,2.017578125,34.85644531,11.02148438,3.072265625,48,36,29,41,0.178505303,0.2,0.2,,
18,3,6,9.111328125,5.14453125,1.977539063,35.33691406,10.99609375,2.984375,49,37,35,41,0.179481654,0.2,0.2,,
19,4,8,9.326171875,5.231445313,1.942382813,36.41601563,11.24023438,2.91796875,50,37,63,63,0.180261739,0.25,0.25,,
20,5,8,9.7265625,5.484375,1.927734375,38.47949219,11.92773438,2.916015625,53,38,63,63,0.183432057,0.25,0.25,,
21,4,5,10.01464844,5.538085938,1.9140625,40.00097656,12.171875,2.890625,55,39,63,63,0.181664733,0.25,0.25,,
22,3,6,10.29980469,5.857421875,1.926757813,41.60058594,13.15820313,2.978515625,57,40,61,63,0.182226739,0.25,0.25,,
23,3,6,10.6875,5.813476563,1.922851563,44.109375,13.015625,2.998046875,60,41,57,63,0.186102797,0.25,0.25,,
24,3,7,10.875,6.237304688,1.913085938,45.89941406,13.92773438,2.955078125,62,41,77,63,0.190945201,0.25,0.25,,
25,3,7,10.9765625,6.797851563,1.924804688,48.20605469,15.22070313,2.98828125,66,42,67,63,0.195977081,0.25,0.25,,
26,3,8,11.08300781,7.296875,1.889648438,50.34179688,16.21875,2.8671875,69,43,75,63,0.206278325,0.25,0.25,,
27,4,8,11.234375,7.46875,1.869140625,51.17871094,16.75390625,2.8203125,70,44,65,63,0.209101443,0.25,0.25,,
28,5,10,11.44140625,7.529296875,1.817382813,52.74414063,17.1015625,2.70703125,72,45,55,63,0.207212224,0.25,0.25,,
29,5,8,11.71191406,7.791015625,1.77734375,54.84277344,18.09960938,2.625,75,46,95,63,0.211821057,0.25,0.25,,
30,4,10,11.66015625,7.92578125,1.77734375,54.8984375,18.44726563,2.630859375,75,47,91,63,0.206446088,0.25,0.25,,
31,5,10,11.96386719,8.08203125,1.770507813,57.05664063,18.8046875,2.646484375,78,48,87,63,0.208267877,0.25,0.25,,
32,5,11,12.22558594,8.254882813,1.734375,58.69238281,19.57421875,2.568359375,80,49,91,63,0.210682097,0.25,0.25,,
33,6,11,12.44824219,8.4140625,1.754882813,60.37695313,20.3203125,2.615234375,83,50,99,63,0.208954088,0.25,0.25,,
34,5,10,12.65332031,8.513671875,1.7421875,62.09765625,20.59765625,2.58984375,85,51,93,63,0.212909226,0.25,0.25,,
35,4,10,12.72851563,8.71875,1.717773438,63.54882813,21.11914063,2.5234375,87,52,125,63,0.213020833,0.25,0.25,,
36,5,10,12.87207031,8.982421875,1.720703125,64.33789063,22.13671875,2.541015625,89,53,57,63,0.213628472,0.25,0.25,,
37,4,13,12.82128906,9.224609375,1.715820313,63.97949219,23,2.50390625,89,54,121,63,0.209751227,0.25,0.25,,
38,5,11,13.02050781,9.446289063,1.743164063,64.62109375,23.81640625,2.55078125,90,55,91,63,0.215582055,0.25,0.25,,
39,5,14,13.140625,9.454101563,1.81640625,66.51660156,23.90234375,2.7421875,93,56,77,63,0.21108012,0.25,0.25,,
40,6,14,13.50683594,9.616210938,1.833007813,69.46386719,24.6796875,2.7734375,96,57,101,63,0.211745148,0.25,0.25,,
41,6,14,13.61523438,9.7109375,1.7890625,71.25,24.98242188,2.654296875,98,58,105,63,0.211336651,0.25,0.25,,
42,5,12,13.61816406,9.958984375,1.865234375,71.80664063,25.71289063,2.78515625,100,59,121,63,0.214165969,0.25,0.25,,
43,6,12,13.41699219,10.29492188,1.903320313,70.44921875,27.1875,2.849609375,100,60,127,63,0.216238487,0.25,0.25,,
44,5,12,13.71679688,10.42578125,1.931640625,72.10839844,27.69921875,2.91796875,102,61,93,63,0.219125159,0.25,0.25,,
45,6,15,13.625,10.69726563,1.91015625,72.01464844,28.75,2.87890625,103,62,105,63,0.218859317,0.25,0.25,,
46,10,11,13.73242188,10.87011719,1.885742188,71.93066406,29.703125,2.861328125,104,63,85,63,0.219937024,0.25,0.25,,
47,4,14,13.69921875,11.10351563,1.823242188,70.7421875,30.7265625,2.748046875,104,63,119,63,0.219029088,0.25,0.25,,
48,5,13,13.71191406,11.13183594,1.788085938,72.22363281,30.80664063,2.666015625,105,64,111,63,0.221143353,0.25,0.25,,
49,4,11,13.64257813,11.3359375,1.801757813,73.12890625,31.49414063,2.677734375,107,65,167,63,0.217813388,0.25,0.25,,
50,4,11,13.66894531,11.48535156,1.795898438,72.875,32.16210938,2.634765625,107,66,75,63,0.217906394,0.25,0.25,,
,351,443,794,,,,,,,,,,,,,,
0,69,26,3.286132813,2.05078125,1.95703125,10.06933594,3.546875,3.24609375,16,16,22,22,0.111154514,0.125,0.125,,
1,16,4,3.555664063,1.985351563,1.963867188,10.74804688,3.341796875,3.21875,17,17,26,26,0.112667798,0.142857143,0.142857143,,
2,19,2,4.385742188,2.004882813,2.02734375,13.15039063,3.3671875,3.3984375,19,18,26,26,0.116076079,0.142857143,0.142857143,,
3,19,4,5.158203125,2.12109375,2.26953125,15.93164063,3.578125,4.017578125,23,19,47,26,0.119631654,0.142857143,0.142857143,,
4,20,2,5.5703125,2.16015625,2.41015625,17.94921875,3.6015625,4.220703125,25,20,38,26,0.121513475,0.142857143,0.142857143,,
5,7,3,6.4453125,2.19921875,2.66796875,22.87402344,3.5625,4.658203125,31,22,32,32,0.126015808,0.166666667,0.166666667,,
6,9,3,7.67578125,2.286132813,2.630859375,29.24511719,3.708984375,4.40625,37,24,23,32,0.132599432,0.166666667,0.166666667,,
7,10,2,8.046875,2.23828125,2.450195313,31.05761719,3.58984375,4.03515625,38,26,31,32,0.135408951,0.166666667,0.166666667,,
8,7,3,7.846679688,2.26171875,2.330078125,30.48242188,3.630859375,3.75390625,37,27,26,32,0.139022197,0.166666667,0.166666667,,
9,4,3,6.805664063,2.208984375,2.094726563,27.23632813,3.53125,3.283203125,34,28,23,32,0.144439266,0.166666667,0.166666667,,
10,6,2,5.686523438,2.115234375,1.86328125,23.52539063,3.306640625,2.830078125,29,28,27,32,0.154031385,0.166666667,0.166666667,,
11,6,2,5.676757813,2.07421875,1.842773438,23.83691406,3.21875,2.7421875,29,28,27,32,0.153511151,0.166666667,0.166666667,,
12,3,2,5.919921875,2.120117188,1.90625,24.97265625,3.3046875,2.876953125,31,28,25,32,0.153256124,0.166666667,0.166666667,,
13,3,2,6.005859375,2.071289063,1.948242188,25.6171875,3.20703125,2.990234375,31,28,29,32,0.155266004,0.166666667,0.166666667,,
14,4,3,6.2421875,2.067382813,1.965820313,27.11425781,3.23046875,3.0390625,33,29,45,45,0.156659191,0.2,0.2,,
15,4,2,6.331054688,2.092773438,1.9921875,27.5703125,3.29296875,3.107421875,33,29,45,45,0.156671768,0.2,0.2,,
16,4,3,6.45703125,2.15234375,1.983398438,28.22070313,3.4296875,3.064453125,34,29,43,45,0.155431336,0.2,0.2,,
17,4,3,6.650390625,2.192382813,1.994140625,30.07226563,3.529296875,3.115234375,36,30,49,45,0.159648522,0.2,0.2,,
18,5,2,6.959960938,2.16015625,1.98828125,35.07421875,3.419921875,3.0859375,41,30,98,45,0.169619042,0.2,0.2,,
19,5,3,7.34765625,2.057617188,1.87109375,41.46289063,3.189453125,2.8125,47,31,45,45,0.183692569,0.2,0.2,,
20,5,4,7.62109375,2.068359375,1.833007813,43.66308594,3.208984375,2.7421875,49,32,43,45,0.185293434,0.2,0.2,,
21,5,3,7.733398438,2.09765625,1.868164063,44.47363281,3.267578125,2.84375,50,33,45,45,0.185042318,0.2,0.2,,
22,5,3,7.860351563,2.05859375,1.891601563,45.64746094,3.216796875,2.931640625,51,34,95,45,0.185111297,0.2,0.2,,
23,3,3,8.186523438,2.071289063,1.862304688,48.13183594,3.21875,2.818359375,54,34,87,45,0.188066561,0.2,0.2,,
24,4,3,8.327148438,2.0390625,1.845703125,49.04492188,3.15234375,2.783203125,54,35,45,45,0.18507332,0.2,0.2,,
25,5,3,8.610351563,1.997070313,1.845703125,51.33398438,3.08984375,2.798828125,57,36,55,45,0.186812531,0.2,0.2,,
26,4,3,8.801757813,2.036132813,1.89453125,52.84765625,3.162109375,2.916015625,58,37,65,45,0.185958814,0.2,0.2,,
27,4,3,9.006835938,2.096679688,1.91796875,54.29589844,3.287109375,2.9609375,60,38,47,45,0.188073149,0.2,0.2,,
28,4,3,9.161132813,2.161132813,1.91015625,55.69042969,3.443359375,2.916015625,62,39,65,45,0.186857096,0.2,0.2,,
29,4,3,9.319335938,2.20703125,1.903320313,56.93847656,3.572265625,2.90234375,63,39,57,45,0.187545728,0.2,0.2,,
30,3,3,9.529296875,2.189453125,1.94921875,59.05273438,3.509765625,3,65,40,51,45,0.190683129,0.2,0.2,,
31,4,3,9.66015625,2.192382813,1.91796875,60.43554688,3.50390625,2.921875,66,41,123,45,0.188216956,0.2,0.2,,
32,4,3,9.8359375,2.232421875,1.962890625,62.64257813,3.6484375,3.05078125,69,42,59,45,0.18796193,0.2,0.2,,
33,6,6,10.01464844,2.270507813,2.0234375,64.49609375,3.689453125,3.173828125,71,43,116,45,0.188136316,0.2,0.2,,
34,6,5,10.12207031,2.237304688,2.0234375,65.85546875,3.63671875,3.203125,72,44,59,45,0.189864676,0.2,0.2,,
35,6,5,10.24023438,2.142578125,2.024414063,67.39355469,3.4765625,3.201171875,74,44,103,45,0.189005534,0.2,0.2,,
36,5,4,10.52148438,2.197265625,1.966796875,69.58398438,3.59375,3.080078125,76,45,159,45,0.19018826,0.2,0.2,,
37,4,4,10.84179688,2.1953125,1.958984375,72.07714844,3.560546875,3.041015625,78,46,45,45,0.188254898,0.2,0.2,,
38,4,5,11.1640625,2.278320313,1.932617188,75.40625,3.833984375,3,82,47,81,45,0.188261099,0.2,0.2,,
39,4,3,11.30078125,2.243164063,1.940429688,77.35742188,3.73828125,3.01171875,84,48,149,45,0.190495179,0.2,0.2,,
40,4,5,11.54199219,2.301757813,1.927734375,79.71386719,3.86328125,2.96484375,86,49,75,45,0.189189221,0.2,0.2,,
41,5,5,11.62597656,2.291992188,1.977539063,80.98535156,3.8671875,3.099609375,87,50,53,45,0.189860026,0.2,0.2,,
42,6,5,11.65429688,2.271484375,2.013671875,83.22167969,3.84375,3.171875,90,51,43,45,0.190655614,0.2,0.2,,
43,4,4,11.76660156,2.325195313,2.025390625,84.30175781,3.955078125,3.21484375,91,52,89,45,0.189186578,0.2,0.2,,
44,5,4,11.95507813,2.319335938,2.045898438,86.01953125,3.880859375,3.259765625,93,53,45,45,0.192349098,0.2,0.2,,
45,4,4,12.2578125,2.338867188,1.966796875,88.12695313,3.890625,3.052734375,95,53,95,45,0.191225311,0.2,0.2,,
46,6,5,12.28417969,2.426757813,1.982421875,88.67285156,4.076171875,3.1171875,95,54,113,45,0.190904793,0.2,0.2,,
47,4,5,12.36230469,2.418945313,1.948242188,89.86328125,4.095703125,3.01171875,96,55,69,45,0.190366133,0.2,0.2,,
48,5,5,12.37207031,2.37109375,2.0078125,89.97753906,3.951171875,3.171875,97,56,65,45,0.191381836,0.2,0.2,,
49,5,4,12.57324219,2.4140625,2.032226563,92.03710938,4.0390625,3.224609375,99,57,77,45,0.191513594,0.2,0.2,,
50,10,5,12.74707031,2.44921875,2.077148438,95.453125,4.146484375,3.296875,102,58,121,45,0.191726345,0.2,0.2,,
,371,199,570,,,,,,,,,,,,,,
0,69,27,3.290039063,2.09375,1.897460938,10.08203125,3.673828125,3.1484375,16,16,43,43,0.11121148,0.125,0.125,,
1,16,4,3.5625,2.201171875,1.9609375,10.91308594,3.8203125,3.341796875,18,17,30,30,0.112563554,0.142857143,0.142857143,,
2,17,4,4.423828125,2.342773438,2.142578125,14.12597656,4.099609375,3.849609375,22,19,26,30,0.116233026,0.142857143,0.142857143,,
3,20,4,5.180664063,2.583007813,2.241210938,16.74414063,4.658203125,3.984375,25,20,27,30,0.11862638,0.142857143,0.142857143,,
4,19,3,5.328125,2.698242188,2.321289063,17.12597656,4.966796875,4.125,26,21,26,30,0.119366658,0.142857143,0.142857143,,
5,7,5,5.5390625,2.6328125,2.379882813,18.11621094,4.83984375,4.294921875,27,22,34,30,0.120489986,0.142857143,0.142857143,,
6,9,5,5.836914063,2.752929688,2.568359375,19.45507813,5.345703125,4.787109375,29,23,27,30,0.121561246,0.142857143,0.142857143,,
7,9,6,6.241210938,2.926757813,2.734375,22.265625,6.041015625,5.193359375,33,24,33,30,0.124686915,0.142857143,0.142857143,,
8,4,6,6.65625,3.110351563,2.969726563,24.86230469,6.64453125,5.767578125,37,26,45,30,0.126490279,0.142857143,0.142857143,,
9,4,7,6.977539063,3.26953125,3.15234375,26.64941406,7.22265625,6.328125,40,27,49,49,0.129031597,0.166666667,0.166666667,,
10,6,10,6.98828125,3.533203125,3.288085938,26.37695313,8.08203125,6.763671875,41,28,45,49,0.129475665,0.166666667,0.166666667,,
11,5,11,7.4296875,3.642578125,3.4140625,28.22558594,8.435546875,7.13671875,43,30,45,49,0.130292391,0.166666667,0.166666667,,
12,4,11,7.633789063,3.7890625,3.592773438,28.60253906,8.921875,7.6953125,45,31,45,49,0.130372221,0.166666667,0.166666667,,
13,4,10,8.256835938,3.995117188,3.506835938,30.10742188,9.541015625,7.546875,47,32,55,49,0.133706661,0.166666667,0.166666667,,
14,5,8,9.452148438,4.512695313,3.000976563,30.5546875,11.39648438,6.0625,48,33,27,49,0.14025819,0.166666667,0.166666667,,
15,4,7,10.69238281,5.049804688,2.428710938,30.88769531,13.33007813,4.26171875,48,34,49,49,0.148002697,0.166666667,0.166666667,,
16,5,5,10.93847656,5.190429688,2.301757813,31.78417969,13.77929688,3.90234375,49,35,45,49,0.150930835,0.166666667,0.166666667,,
17,4,5,11.04199219,5.265625,2.377929688,32.30664063,14.02539063,4.107421875,50,36,51,49,0.152031793,0.166666667,0.166666667,,
18,3,5,11.11523438,5.384765625,2.31640625,32.27832031,14.484375,4.021484375,50,36,65,49,0.151428029,0.166666667,0.166666667,,
19,4,7,11.2265625,5.532226563,2.333007813,32.99023438,14.90429688,4.033203125,51,37,35,49,0.150434028,0.166666667,0.166666667,,
20,5,6,11.59082031,5.58984375,2.3046875,34.30371094,15.2109375,3.984375,53,38,56,49,0.151409428,0.166666667,0.166666667,,
21,4,7,11.53808594,5.74609375,2.264648438,34.59179688,15.75390625,3.84765625,54,39,49,49,0.151305959,0.166666667,0.166666667,,
22,3,6,11.62988281,5.895507813,2.296875,35.33984375,16.18164063,3.8671875,55,39,41,49,0.150965324,0.166666667,0.166666667,,
23,3,5,11.70117188,6.094726563,2.313476563,35.6796875,16.8984375,3.9375,56,40,62,49,0.151778739,0.166666667,0.166666667,,
24,3,5,11.79394531,6.275390625,2.322265625,36.28417969,17.5546875,3.916015625,57,41,65,49,0.152802192,0.166666667,0.166666667,,
25,3,5,11.95703125,6.375,2.341796875,37.0625,17.9921875,3.908203125,58,41,49,49,0.154009332,0.166666667,0.166666667,,
26,3,6,12.18554688,6.588867188,2.33203125,37.85839844,18.94335938,3.8671875,60,42,85,49,0.152712321,0.166666667,0.166666667,,
27,3,7,12.19921875,6.736328125,2.298828125,38.33203125,19.80273438,3.763671875,61,43,49,49,0.152954877,0.166666667,0.166666667,,
28,3,7,12.34765625,7.005859375,2.305664063,39.93066406,20.69335938,3.7734375,64,44,89,49,0.153921751,0.166666667,0.166666667,,
29,4,6,12.42871094,7.158203125,2.200195313,40.01660156,21.32617188,3.521484375,64,44,39,49,0.155423022,0.166666667,0.166666667,,
30,3,7,12.51074219,7.325195313,2.228515625,40.25390625,22.203125,3.578125,66,45,97,49,0.154124814,0.166666667,0.166666667,,
31,4,7,12.48632813,7.49609375,2.28515625,40.97949219,22.96875,3.69140625,67,46,63,49,0.154842122,0.166666667,0.166666667,,
32,4,10,12.46679688,7.655273438,2.361328125,41.49804688,23.52929688,3.86328125,68,46,63,49,0.154757642,0.166666667,0.166666667,,
33,4,9,12.33789063,7.799804688,2.397460938,40.90429688,24.34960938,3.986328125,69,47,45,49,0.153810602,0.166666667,0.166666667,,
34,4,8,12.59375,8.000976563,2.395507813,42.75585938,25.47265625,4.001953125,72,48,99,49,0.156071386,0.166666667,0.166666667,,
35,4,10,12.63671875,8.075195313,2.397460938,43.74609375,25.86523438,4.029296875,73,48,66,49,0.155441623,0.166666667,0.166666667,,
36,4,10,12.46289063,8.092773438,2.3203125,43.1796875,26.35742188,3.87890625,73,49,95,49,0.154217855,0.166666667,0.166666667,,
37,4,10,12.62402344,8.291992188,2.294921875,44.453125,27.10546875,3.814453125,75,50,59,49,0.155191282,0.166666667,0.166666667,,
38,5,11,12.57324219,8.461914063,2.319335938,45.03515625,28.1328125,3.869140625,77,50,73,49,0.155319165,0.166666667,0.166666667,,
39,5,11,12.79101563,8.856445313,2.359375,46.78417969,29.91796875,3.951171875,80,51,112,49,0.15558617,0.166666667,0.166666667,,
40,5,11,12.98828125,8.962890625,2.34375,48.32519531,30.78320313,3.935546875,83,52,35,49,0.155591595,0.166666667,0.166666667,,
41,5,12,12.96972656,9.221679688,2.313476563,48.49902344,32.078125,3.8046875,84,53,71,49,0.155648632,0.166666667,0.166666667,,
42,5,11,13.11035156,9.422851563,2.311523438,50.8828125,33.51953125,3.814453125,88,53,93,49,0.156465111,0.166666667,0.166666667,,
43,5,10,13.14453125,9.592773438,2.336914063,51.55273438,34.91992188,3.84375,90,54,108,49,0.15577567,0.166666667,0.166666667,,
44,4,10,13.29785156,9.834960938,2.322265625,52.42285156,36.53515625,3.853515625,92,55,142,49,0.157480779,0.166666667,0.166666667,,
45,5,12,13.32519531,10.02929688,2.346679688,54.30859375,37.71875,3.91796875,95,56,112,49,0.157430788,0.166666667,0.166666667,,
46,5,10,13.33398438,10.24511719,2.334960938,54.34667969,38.87304688,3.9765625,97,57,113,49,0.156538741,0.166666667,0.166666667,,
47,4,11,13.20898438,10.43066406,2.30078125,53.44726563,40.32421875,3.8828125,97,58,129,49,0.157667566,0.166666667,0.166666667,,
48,10,11,13.21875,10.56347656,2.291015625,53.79492188,41.484375,3.91015625,99,59,143,49,0.158069852,0.166666667,0.166666667,,
49,4,11,13.31445313,10.75097656,2.263671875,55.02636719,43.27148438,3.8046875,102,59,127,49,0.159211465,0.166666667,0.166666667,,
50,5,12,13.46191406,10.90332031,2.228515625,56.42773438,44.80664063,3.69921875,104,60,85,49,0.158316811,0.166666667,0.166666667,,
,350,424,774,,,,,,,,,,,,,,
0,65,30,3.19921875,2.075195313,1.856445313,9.501953125,3.662109375,3.0546875,16,16,27,27,0.111178188,0.125,0.125,,
1,17,4,3.448242188,2.040039063,1.864257813,10.34472656,3.58984375,3,16,16,27,27,0.112027995,0.125,0.125,,
2,17,3,4.084960938,2.178710938,1.928710938,12.83203125,4.0234375,3.06640625,19,17,38,38,0.114768958,0.142857143,0.142857143,,
3,15,2,4.9140625,2.58203125,2.1015625,15.73925781,5.26953125,3.4765625,24,19,40,38,0.118565926,0.142857143,0.142857143,,
4,12,3,5.087890625,2.817382813,2.201171875,16.18554688,5.900390625,3.677734375,25,20,25,38,0.120242358,0.142857143,0.142857143,,
5,14,2,5.276367188,3.08984375,2.21484375,16.53808594,6.62109375,3.673828125,26,21,31,38,0.121532428,0.142857143,0.142857143,,
6,7,2,5.422851563,3.435546875,2.083984375,16.7421875,7.57421875,3.35546875,27,22,23,38,0.124629139,0.142857143,0.142857143,,
7,8,4,5.361328125,3.9609375,1.8984375,16.38867188,9.26953125,2.892578125,28,23,45,45,0.1291357,0.166666667,0.166666667,,
8,9,3,5.397460938,4.092773438,1.96875,16.65039063,9.6171875,3.037109375,29,23,47,45,0.132040163,0.166666667,0.166666667,,
9,9,2,5.578125,4.177734375,1.938476563,17.31933594,10.14648438,2.935546875,30,24,45,45,0.133100431,0.166666667,0.166666667,,
10,12,2,5.71484375,4.448242188,1.969726563,18.06835938,11.82617188,3.009765625,32,25,45,45,0.13475481,0.166666667,0.166666667,,
11,10,3,5.974609375,5.236328125,1.880859375,19.9296875,16.10546875,2.86328125,38,26,55,45,0.142084101,0.166666667,0.166666667,,
12,4,2,6.129882813,6.209960938,1.829101563,21.59277344,21.29492188,2.748046875,45,27,47,45,0.149833188,0.166666667,0.166666667,,
13,4,2,6.151367188,6.538085938,1.8125,21.87988281,22.65625,2.689453125,47,29,37,45,0.150206692,0.166666667,0.166666667,,
14,6,2,6.3046875,6.880859375,1.794921875,22.43066406,23.9140625,2.654296875,48,30,41,45,0.1529485,0.166666667,0.166666667,,
15,5,5,6.33984375,7.178710938,1.791992188,22.68457031,25.22460938,2.642578125,50,31,63,63,0.152962416,0.2,0.2,,
16,4,3,6.510742188,7.518554688,1.807617188,23.42871094,26.77148438,2.673828125,52,33,75,63,0.152353896,0.2,0.2,,
17,4,3,6.640625,7.977539063,1.866210938,24.17285156,28.82421875,2.794921875,55,34,87,63,0.15462687,0.2,0.2,,
18,3,3,6.737304688,8.771484375,1.883789063,25.24023438,32.43359375,2.85546875,60,35,57,63,0.159182189,0.2,0.2,,
19,6,3,6.784179688,10.47460938,1.971679688,26.68457031,41.484375,3.064453125,71,37,73,63,0.170750509,0.2,0.2,,
20,5,6,6.786132813,11.72167969,2.0390625,27.57324219,47.7890625,3.220703125,78,39,67,67,0.180348793,0.25,0.25,,
21,5,5,6.881835938,11.78515625,1.983398438,28.15625,48.609375,3.080078125,79,41,95,67,0.183686439,0.25,0.25,,
22,6,3,7.06640625,11.86035156,2.025390625,29.19921875,48.83984375,3.181640625,81,43,101,67,0.182266583,0.25,0.25,,
23,5,3,7.4375,11.86523438,1.96484375,31.89941406,48.22070313,3.05859375,83,44,113,67,0.189846181,0.25,0.25,,
24,5,4,8.500976563,11.73925781,1.901367188,39.32910156,45.91796875,2.9375,88,46,97,67,0.206837558,0.25,0.25,,
25,5,6,9.666015625,11.66015625,1.909179688,47.53808594,44.49804688,2.98046875,95,48,93,67,0.224510627,0.25,0.25,,
26,6,6,9.870117188,11.69726563,1.911132813,49.31640625,44.87890625,3.01171875,97,50,115,67,0.223337202,0.25,0.25,,
27,4,6,10.02050781,11.79492188,1.8984375,50.53515625,45.54492188,2.98046875,99,51,129,67,0.224338883,0.25,0.25,,
28,5,6,10.20996094,11.87890625,1.9375,52.18066406,46.60546875,3.06640625,101,53,99,67,0.222571453,0.25,0.25,,
29,5,8,10.45800781,11.96875,1.98828125,53.50195313,47.3671875,3.18359375,104,55,75,67,0.225282189,0.25,0.25,,
30,6,9,10.54199219,12.05761719,2.067382813,54.43261719,48.11132813,3.44140625,105,56,99,67,0.22354488,0.25,0.25,,
31,7,9,10.66601563,12.06933594,2.057617188,55.30664063,48.59375,3.390625,107,58,95,95,0.225529112,0.333333333,0.333333333,,
32,7,9,10.78222656,12.31347656,2.09375,56.12988281,50.54101563,3.486328125,110,60,95,95,0.226580714,0.333333333,0.333333333,,
33,8,6,10.9375,12.46972656,2.094726563,57.97851563,51.55078125,3.439453125,112,61,81,95,0.224903471,0.333333333,0.333333333,,
34,5,6,10.93945313,12.5859375,2.180664063,58.28125,52.12695313,3.6328125,114,63,105,95,0.233691406,0.333333333,0.333333333,,
35,5,6,10.61035156,12.54101563,2.3515625,56.93066406,50.51367188,4.068359375,111,64,95,95,0.241308876,0.333333333,0.333333333,,
36,6,7,9.796875,12.27929688,2.713867188,51.94628906,46.17773438,4.8984375,103,65,87,95,0.27183667,0.333333333,0.333333333,,
37,6,6,9.499023438,12.09765625,2.7578125,50.48144531,44.48632813,5.0078125,99,66,121,95,0.283732977,0.333333333,0.333333333,,
38,5,6,9.584960938,12.12890625,2.802734375,51.34375,45.53710938,5.08203125,101,67,103,95,0.285958074,0.333333333,0.333333333,,
39,4,6,9.84375,12.05761719,2.852539063,53.04199219,45.27539063,5.17578125,103,68,117,95,0.289251225,0.333333333,0.333333333,,
40,5,6,9.974609375,11.9453125,2.965820313,54.24414063,45.81640625,5.47265625,105,69,79,95,0.284578909,0.333333333,0.333333333,,
41,5,6,10.00488281,12.203125,3.0234375,54.921875,47.81640625,5.599609375,108,70,91,95,0.282432056,0.333333333,0.333333333,,
42,10,5,10.16699219,12.41796875,2.950195313,55.83398438,49.33789063,5.39453125,110,71,125,95,0.282708749,0.333333333,0.333333333,,
43,4,6,10.42089844,12.59667969,3.075195313,58.09277344,51.44921875,5.734375,115,72,91,95,0.290346405,0.333333333,0.333333333,,
44,4,8,10.57714844,12.60644531,3.14453125,59.60839844,52.27148438,5.896484375,117,73,93,95,0.290309238,0.333333333,0.333333333,,
45,4,6,10.79785156,12.59863281,3.21484375,61.27148438,53.49609375,6.064453125,120,74,121,95,0.286872985,0.333333333,0.333333333,,
46,4,7,10.89453125,12.86328125,3.166992188,62.84863281,56.34960938,5.880859375,125,75,107,95,0.28527448,0.333333333,0.333333333,,
47,4,6,11.27929688,13.046875,3.244140625,65.64160156,56.54101563,6.04296875,128,76,73,95,0.292909106,0.333333333,0.333333333,,
48,4,8,11.64941406,12.93945313,3.2890625,68.68554688,55.7421875,6.15625,130,77,185,95,0.294902534,0.333333333,0.333333333,,
49,4,7,11.70800781,13.15332031,3.245117188,69.49121094,58.11523438,6.0625,133,78,169,95,0.291768914,0.333333333,0.333333333,,
50,4,7,11.97558594,13.28417969,3.240234375,72.23730469,59.94140625,6.109375,138,79,141,95,0.292566147,0.333333333,0.333333333,,
,393,278,671,,,,,,,,,,,,,,
0,70,25,3.318359375,2.004882813,1.870117188,10.3125,3.443359375,3.029296875,16,16,30,30,0.111143663,0.125,0.125,,
1,15,3,3.51953125,2.102539063,1.913085938,10.81054688,3.6953125,3.150390625,17,17,36,36,0.112064422,0.142857143,0.142857143,,
2,17,3,4.27734375,2.293945313,2.170898438,14.12304688,4.15625,4,22,18,32,36,0.115202985,0.142857143,0.142857143,,
3,22,3,5.356445313,2.388671875,2.486328125,19.58105469,4.4453125,5.02734375,29,21,34,36,0.119213867,0.142857143,0.142857143,,
4,13,5,5.647460938,2.360351563,2.663085938,22.41699219,4.349609375,5.474609375,32,23,38,36,0.121854849,0.142857143,0.142857143,,
5,13,5,5.874023438,2.291015625,2.431640625,25.54101563,4.208984375,4.54296875,34,25,36,36,0.126043992,0.142857143,0.142857143,,
6,10,5,6.16015625,2.2734375,2.3203125,30.2578125,4.2578125,3.83203125,38,27,34,36,0.131476913,0.142857143,0.142857143,,
7,9,5,6.2578125,2.258789063,2.283203125,31.59570313,4.18359375,3.654296875,39,28,25,36,0.133525722,0.142857143,0.142857143,,
8,9,4,6.579101563,2.2734375,2.317382813,33.50292969,4.224609375,3.724609375,41,30,39,36,0.134398287,0.142857143,0.142857143,,
9,10,5,6.7421875,2.229492188,2.439453125,34.52050781,4.056640625,4.025390625,42,31,48,36,0.134766788,0.142857143,0.142857143,,
10,13,6,6.743164063,2.296875,2.483398438,34.25976563,4.28515625,4.103515625,42,32,42,36,0.134488968,0.142857143,0.142857143,,
11,7,7,6.943359375,2.409179688,2.45703125,35.57714844,4.455078125,4.0625,44,33,38,38,0.134558828,0.166666667,0.166666667,,
12,4,5,7.073242188,2.39453125,2.377929688,36.73046875,4.28125,3.9140625,44,34,62,38,0.135584571,0.166666667,0.166666667,,
13,7,6,7.341796875,2.331054688,2.396484375,39.07714844,4.048828125,4.048828125,47,35,58,38,0.136122737,0.166666667,0.166666667,,
14,4,4,7.388671875,2.329101563,2.599609375,39.40429688,3.99609375,4.623046875,48,36,44,38,0.137002031,0.166666667,0.166666667,,
15,3,5,7.497070313,2.344726563,2.947265625,39.91113281,3.97265625,5.515625,49,36,56,38,0.138842492,0.166666667,0.166666667,,
16,3,4,7.522460938,2.209960938,3.572265625,40.0859375,3.55859375,7.208984375,50,37,40,38,0.148315817,0.166666667,0.166666667,,
17,3,4,7.85546875,2.098632813,3.943359375,42.90527344,3.21875,8.162109375,54,38,54,38,0.157026635,0.166666667,0.166666667,,
18,4,4,8.282226563,2.120117188,3.965820313,46.80859375,3.2578125,8.259765625,58,39,74,38,0.15773658,0.166666667,0.166666667,,
19,5,5,8.646484375,2.140625,3.991210938,49.7421875,3.294921875,8.365234375,61,40,63,38,0.159032041,0.166666667,0.166666667,,
20,6,4,8.834960938,2.216796875,3.99609375,51.49609375,3.46875,8.443359375,63,41,78,38,0.157893105,0.166666667,0.166666667,,
21,5,4,9.176757813,2.217773438,4.114257813,53.8203125,3.46875,8.697265625,65,42,185,38,0.158750768,0.166666667,0.166666667,,
22,5,5,9.41015625,2.302734375,4.208007813,56.31445313,3.65234375,9.00390625,68,44,53,38,0.159411815,0.166666667,0.166666667,,
23,4,4,9.588867188,2.361328125,4.21484375,58.73144531,3.77734375,9.09375,71,45,66,38,0.159675332,0.166666667,0.166666667,,
24,5,5,9.709960938,2.420898438,4.194335938,59.51269531,3.869140625,9.119140625,72,46,68,38,0.160103194,0.166666667,0.166666667,,
25,5,6,9.940429688,2.454101563,4.118164063,62.40625,3.958984375,8.98046875,75,47,65,38,0.159783064,0.166666667,0.166666667,,
26,4,5,10.05761719,2.521484375,4.03125,63.86816406,4.130859375,8.693359375,76,48,95,38,0.159936206,0.166666667,0.166666667,,
27,4,5,10.16210938,2.491210938,3.989257813,65.53222656,4.095703125,8.634765625,78,49,40,38,0.160183764,0.166666667,0.166666667,,
28,4,4,10.53710938,2.504882813,4.141601563,69.51269531,4.146484375,9.029296875,82,50,58,38,0.160754201,0.166666667,0.166666667,,
29,4,5,10.76269531,2.556640625,4.173828125,72.13867188,4.3359375,9.044921875,85,51,192,38,0.160516261,0.166666667,0.166666667,,
30,4,5,10.84570313,2.529296875,4.1171875,72.92773438,4.26171875,8.861328125,86,52,90,38,0.161250233,0.166666667,0.166666667,,
31,6,8,11.02246094,2.572265625,4.05078125,75.59179688,4.384765625,8.6640625,88,54,59,38,0.160320561,0.166666667,0.166666667,,
32,7,5,11.11816406,2.594726563,4.022460938,75.37988281,4.439453125,8.5859375,88,55,70,38,0.161352927,0.166666667,0.166666667,,
33,5,5,11.11816406,2.579101563,4.08203125,75.54785156,4.419921875,8.748046875,88,56,110,38,0.160232275,0.166666667,0.166666667,,
34,5,5,11.45800781,2.606445313,4.061523438,79.47460938,4.484375,8.66796875,92,57,126,38,0.160488746,0.166666667,0.166666667,,
35,4,5,11.578125,2.71875,3.975585938,79.69726563,4.724609375,8.509765625,92,58,158,38,0.161240932,0.166666667,0.166666667,,
36,5,5,11.62890625,2.78515625,3.92578125,81.32519531,4.87890625,8.333984375,94,59,76,38,0.160327219,0.166666667,0.166666667,,
37,5,5,11.75878906,2.830078125,3.888671875,82.74511719,5.02734375,8.30078125,96,60,70,70,0.161168077,0.2,0.2,,
38,5,5,12.05566406,2.828125,3.961914063,86.14550781,4.96484375,8.53515625,99,61,66,70,0.162062484,0.2,0.2,,
39,5,5,11.98535156,2.823242188,4.081054688,85.62988281,4.93359375,8.77734375,99,62,68,70,0.162495843,0.2,0.2,,
40,5,4,11.68066406,2.913085938,3.9921875,80.82324219,5.099609375,8.232421875,94,62,74,70,0.169247194,0.2,0.2,,
41,4,4,10.59863281,3.001953125,3.974609375,65.01074219,5.1875,7.666015625,77,63,58,70,0.182975366,0.2,0.2,,
42,4,3,10.18945313,3.030273438,4.006835938,59.64257813,5.22265625,7.609375,72,63,78,70,0.187567042,0.2,0.2,,
43,4,3,10.30566406,3.028320313,4.0390625,60.37011719,5.212890625,7.66015625,73,63,68,70,0.188780065,0.2,0.2,,
44,3,3,10.54101563,3.05859375,4.09765625,61.99121094,5.275390625,7.7265625,74,63,97,70,0.188493719,0.2,0.2,,
45,3,3,10.6484375,3.106445313,4.094726563,63.68261719,5.421875,7.705078125,76,64,74,70,0.18823598,0.2,0.2,,
46,8,4,10.70800781,3.114257813,4.169921875,64.4296875,5.42578125,7.88671875,77,64,80,70,0.188029429,0.2,0.2,,
47,3,3,10.8984375,3.19140625,4.12890625,66.06738281,5.591796875,7.814453125,79,64,69,70,0.187204002,0.2,0.2,,
48,3,3,11.06542969,3.227539063,4.110351563,66.92382813,5.697265625,7.845703125,80,65,62,70,0.189338805,0.2,0.2,,
49,3,3,11.33105469,3.211914063,4.18359375,69.27636719,5.634765625,8.07421875,82,65,82,70,0.189972056,0.2,0.2,,
50,3,3,11.41601563,3.29296875,4.119140625,70.76171875,5.828125,7.818359375,84,65,117,70,0.190058509,0.2,0.2,,
,381,249,630,,,,,,,,,,,,,,
