0,65,28,3.142578125,2.033203125,1.889648438,9.55859375,3.537109375,3.125,16,16,43,43,0.111028991,0.125,0.125,,394.1
1,19,1,3.333984375,2.171875,1.909179688,10.26367188,3.931640625,3.197265625,17,16,39,39,0.112452334,0.142857143,0.142857143,,0.125
2,17,0,4.212890625,2.641601563,2.030273438,13.95703125,5.34765625,3.560546875,22,18,39,39,0.118250868,0.142857143,0.142857143,,0.333333333
3,17,2,5.137695313,3.163085938,2.337890625,17.90429688,6.79296875,4.541015625,29,21,37,37,0.124405149,0.166666667,0.166666667,,0.17394958
4,11,1,5.504882813,2.8359375,3.155273438,18.83496094,5.66796875,7.615234375,32,23,37,37,0.12870516,0.166666667,0.166666667,,
5,14,3,6.068359375,2.07421875,4.850585938,21.42480469,3.27734375,13.88476563,38,26,53,37,0.137192728,0.166666667,0.166666667,,
6,18,2,6.20703125,1.82421875,5.2109375,22.12109375,2.68359375,14.95703125,39,28,37,37,0.142060779,0.166666667,0.166666667,,
7,4,2,6.139648438,1.50390625,5.288085938,21.93554688,2.078125,14.87695313,38,29,37,37,0.151281967,0.2,0.2,,
8,5,2,6.123046875,1.235351563,5.390625,21.79394531,1.546875,14.87304688,38,30,37,37,0.157430788,0.2,0.2,,
9,5,2,6.107421875,1.233398438,5.416015625,21.6796875,1.564453125,14.84375,38,31,37,37,0.157679967,0.2,0.2,,
10,4,2,6.034179688,1.202148438,5.401367188,21.58105469,1.49609375,14.88671875,37,31,37,37,0.159592789,0.2,0.2,,
11,3,3,5.908203125,1.208984375,5.38671875,21.625,1.4921875,14.96484375,38,32,37,37,0.164913117,0.2,0.2,,
12,3,3,5.5078125,1.092773438,5.18359375,21.10058594,1.21875,14.96484375,37,32,37,37,0.17624554,0.2,0.2,,
13,4,2,5.376953125,1.041992188,5.119140625,21.06835938,1.11328125,14.9453125,37,32,37,37,0.182262215,0.2,0.2,,
14,5,2,5.37890625,1.0546875,5.112304688,21.01074219,1.12890625,14.93359375,37,33,37,37,0.180871388,0.2,0.2,,
15,3,2,5.393554688,1.05078125,5.153320313,21.20703125,1.119140625,14.9296875,37,33,37,37,0.18253697,0.2,0.2,,
16,4,2,5.423828125,1.048828125,5.157226563,21.28710938,1.11328125,14.93945313,37,33,37,37,0.182216487,0.2,0.2,,
17,3,3,5.46484375,1.056640625,5.168945313,21.44726563,1.134765625,14.9296875,37,33,37,37,0.182622225,0.2,0.2,,
18,3,2,5.483398438,1.109375,5.190429688,21.53320313,1.236328125,14.9453125,37,34,37,37,0.184096757,0.2,0.2,,
19,3,3,5.471679688,1.133789063,5.181640625,21.59277344,1.3046875,14.87695313,37,34,37,37,0.182588123,0.2,0.2,,
20,4,3,5.5078125,1.13671875,5.23828125,21.88769531,1.314453125,14.953125,38,34,37,37,0.182958597,0.2,0.2,,
21,4,2,5.540039063,1.124023438,5.232421875,21.92675781,1.279296875,14.92578125,38,34,39,39,0.182528444,0.25,0.25,,
22,3,3,5.569335938,1.1328125,5.23828125,21.99414063,1.314453125,14.94140625,38,34,39,39,0.182521856,0.25,0.25,,
23,4,2,5.546875,1.170898438,5.239257813,21.92773438,1.375,14.91015625,38,34,39,39,0.184454443,0.25,0.25,,
24,3,3,5.545898438,1.30859375,5.216796875,22.10253906,1.638671875,14.87304688,38,35,39,39,0.187989444,0.25,0.25,,
25,4,1,5.401367188,1.635742188,5.182617188,21.88085938,2.2890625,14.9296875,39,35,39,39,0.203712488,0.25,0.25,,
26,3,2,5.268554688,1.98046875,5.092773438,21.515625,2.9765625,14.87304688,39,35,39,39,0.215676153,0.25,0.25,,
27,2,3,5.2734375,2.016601563,5.083007813,21.5,3.05859375,14.86328125,39,35,39,39,0.220393105,0.25,0.25,,
28,3,1,5.307617188,1.995117188,5.133789063,21.54882813,2.9921875,14.91796875,39,35,39,39,0.220069134,0.25,0.25,,
29,3,2,5.306640625,1.993164063,5.15234375,21.40039063,2.9921875,14.921875,39,35,39,39,0.220135014,0.25,0.25,,
30,3,2,5.311523438,2.002929688,5.146484375,21.38378906,3.013671875,14.85742188,39,35,37,39,0.219483197,0.25,0.25,,
31,3,3,5.317382813,2.002929688,5.159179688,21.37207031,3.015625,14.87695313,39,36,39,39,0.221672712,0.25,0.25,,
32,3,2,5.369140625,2.008789063,5.163085938,21.59667969,3.03125,14.91796875,39,36,39,39,0.220134239,0.25,0.25,,
33,3,2,5.408203125,2.009765625,5.159179688,21.67382813,3.037109375,14.88085938,39,36,39,39,0.220535714,0.25,0.25,,
34,2,3,5.459960938,2.020507813,5.19921875,21.96191406,3.068359375,14.8828125,39,36,39,39,0.221541729,0.25,0.25,,
35,3,3,5.547851563,2.008789063,5.21875,22.20605469,3.03125,14.8671875,40,36,39,39,0.21949676,0.25,0.25,,
36,3,2,5.616210938,2.004882813,5.256835938,22.47265625,3.029296875,14.96875,40,36,39,39,0.226873682,0.25,0.25,,
37,3,3,5.666992188,1.995117188,5.266601563,22.49804688,2.998046875,14.9296875,40,36,37,39,0.222685314,0.25,0.25,,
38,3,2,5.733398438,2.00390625,5.28515625,23.01367188,3.02734375,14.88085938,40,36,39,39,0.222402844,0.25,0.25,,
39,3,2,5.755859375,1.997070313,5.2734375,22.97753906,3.01171875,14.93554688,40,36,39,39,0.221557652,0.25,0.25,,
40,3,2,5.791992188,2.022460938,5.295898438,23.24414063,3.068359375,14.93164063,41,36,39,39,0.222422185,0.25,0.25,,
41,3,3,5.885742188,1.999023438,5.309570313,23.44824219,3.01953125,14.88476563,41,37,59,59,0.223427812,0.333333333,0.333333333,,
42,3,3,5.926757813,2.006835938,5.305664063,23.74902344,3.033203125,14.90625,41,37,59,59,0.221658021,0.333333333,0.333333333,,
43,2,2,6.030273438,2.004882813,5.336914063,24.35058594,3.03125,14.98242188,42,37,59,59,0.224159071,0.333333333,0.333333333,,
44,3,2,6.28125,2.005859375,5.43359375,26.3671875,3.017578125,14.97070313,44,37,59,59,0.23282025,0.333333333,0.333333333,,
45,3,3,7.060546875,2.016601563,5.697265625,32.68359375,3.064453125,15.00585938,50,37,59,59,0.260841781,0.333333333,0.333333333,,
46,3,4,7.963867188,2.016601563,5.889648438,40.18359375,3.06640625,14.86914063,58,38,59,59,0.292403351,0.333333333,0.333333333,,
47,3,4,8.032226563,2.004882813,5.88671875,40.69628906,3.02734375,14.8359375,58,38,59,59,0.291271779,0.333333333,0.333333333,,
48,4,4,8.037109375,2.0078125,5.877929688,40.67871094,3.033203125,14.84765625,58,39,57,59,0.28934268,0.333333333,0.333333333,,
49,4,4,8.068359375,2.009765625,5.8984375,40.60742188,3.0546875,14.87890625,58,39,59,59,0.28629441,0.333333333,0.333333333,,
50,4,4,8.151367188,2.013671875,5.895507813,40.89648438,3.04296875,14.88867188,58,39,59,59,0.291483367,0.333333333,0.333333333,,
,307,148,455,,,,,,,,,,,,,,
0,64,31,3.193359375,2.016601563,1.889648438,9.379882813,3.515625,3.111328125,16,16,20,20,0.111191012,0.125,0.125,,
1,20,1,3.521484375,2.131835938,1.91015625,10.18066406,3.876953125,3.166015625,17,16,22,20,0.113259549,0.125,0.125,,
2,21,2,4.517578125,2.385742188,2.052734375,14.14648438,4.888671875,3.552734375,22,18,17,20,0.120030382,0.125,0.125,,
3,16,1,5.075195313,2.61328125,2.1015625,16.26367188,5.642578125,3.64453125,25,20,28,20,0.12358941,0.125,0.125,,
4,10,1,5.129882813,2.569335938,2.110351563,16.35742188,5.376953125,3.669921875,25,21,27,20,0.123866102,0.125,0.125,,
5,13,1,5.166992188,2.642578125,2.098632813,16.33496094,5.423828125,3.650390625,25,22,22,20,0.123657227,0.125,0.125,,
6,7,1,5.180664063,2.612304688,2.116210938,16.33203125,5.265625,3.70703125,25,22,24,20,0.123779297,0.125,0.125,,
7,3,1,5.180664063,2.849609375,2.01953125,15.984375,6.029296875,3.439453125,25,22,48,20,0.123524306,0.125,0.125,,
8,3,1,5.298828125,2.858398438,2.045898438,16.41992188,6.095703125,3.474609375,25,23,36,36,0.12366924,0.142857143,0.142857143,,
9,4,1,5.3203125,2.8671875,1.975585938,16.50683594,6.140625,3.337890625,25,23,36,36,0.123647926,0.142857143,0.142857143,,
10,3,1,5.366210938,2.791992188,2.09375,16.58398438,5.873046875,3.833984375,26,23,36,36,0.124461341,0.142857143,0.142857143,,
11,4,1,5.362304688,2.49609375,2.650390625,16.71777344,5.126953125,6.236328125,28,24,36,36,0.127094572,0.142857143,0.142857143,,
12,5,1,5.362304688,1.432617188,4.609375,18.1171875,2.08984375,13.8984375,34,24,40,36,0.136052207,0.142857143,0.142857143,,
13,6,1,5.34765625,1.102539063,5.430664063,18.828125,1.244140625,16.8359375,36,25,36,36,0.139457388,0.142857143,0.142857143,,
14,8,2,5.419921875,1.166015625,5.438476563,18.98535156,1.41015625,16.703125,37,26,36,36,0.139163644,0.142857143,0.142857143,,
15,6,1,5.491210938,1.221679688,5.517578125,19.37304688,1.51953125,16.8125,37,27,36,36,0.140015423,0.142857143,0.142857143,,
16,7,1,5.510742188,1.256835938,5.52734375,19.34277344,1.646484375,16.68164063,37,27,44,36,0.139726718,0.142857143,0.142857143,,
17,8,1,5.536132813,1.278320313,5.61328125,19.33691406,1.666015625,16.71679688,37,28,38,36,0.139349656,0.142857143,0.142857143,,
18,5,2,5.661132813,1.338867188,5.651367188,19.62402344,1.80078125,16.6953125,38,28,36,36,0.139775158,0.142857143,0.142857143,,
19,4,1,5.700195313,1.352539063,5.711914063,19.67578125,1.83203125,16.73828125,38,29,36,36,0.139644562,0.142857143,0.142857143,,
20,5,1,5.70703125,1.408203125,5.748046875,19.79101563,1.955078125,16.72460938,38,29,36,36,0.139220223,0.142857143,0.142857143,,
21,4,2,5.71484375,1.438476563,5.744140625,19.85253906,2.029296875,16.64257813,38,30,36,36,0.139178757,0.142857143,0.142857143,,
22,4,2,5.75,1.484375,5.778320313,20.10644531,2.138671875,16.68554688,38,30,51,36,0.139550394,0.142857143,0.142857143,,
23,2,2,5.80859375,1.479492188,5.818359375,20.38964844,2.140625,16.65625,39,30,36,36,0.139626736,0.142857143,0.142857143,,
24,4,1,5.931640625,1.456054688,5.83984375,20.73339844,2.095703125,16.6328125,39,31,67,36,0.139506991,0.142857143,0.142857143,,
25,2,1,5.95703125,1.478515625,5.859375,20.89648438,2.14453125,16.60742188,39,31,41,36,0.139443049,0.142857143,0.142857143,,
26,3,1,6.043945313,1.5078125,5.8984375,21.3984375,2.197265625,16.58984375,40,31,62,36,0.140123155,0.142857143,0.142857143,,
27,2,1,6.032226563,1.564453125,5.950195313,21.49316406,2.322265625,16.52929688,40,32,36,36,0.139772445,0.142857143,0.142857143,,
28,3,1,6.076171875,1.65625,5.99609375,21.60546875,2.572265625,16.53125,40,32,64,36,0.139961558,0.142857143,0.142857143,,
29,2,1,6.130859375,1.63671875,6.029296875,21.63574219,2.48828125,16.57421875,40,32,36,36,0.140130906,0.142857143,0.142857143,,
30,3,1,6.173828125,1.5859375,6.0625,21.85644531,2.31640625,16.47851563,40,33,44,36,0.139972796,0.142857143,0.142857143,,
31,2,1,6.2734375,1.666015625,6.064453125,22.18554688,2.5234375,16.390625,41,33,47,36,0.13992203,0.142857143,0.142857143,,
32,2,1,6.368164063,1.65625,6.08984375,22.2578125,2.5,16.30664063,41,33,36,36,0.139362444,0.142857143,0.142857143,,
33,3,2,6.473632813,1.723632813,6.12890625,22.72558594,2.6640625,16.27148438,41,33,30,36,0.13949304,0.142857143,0.142857143,,
34,3,2,6.484375,1.76171875,6.126953125,22.66503906,2.779296875,16.28125,41,33,36,36,0.139461263,0.142857143,0.142857143,,
35,3,2,6.502929688,1.827148438,6.112304688,22.80371094,2.955078125,16.19726563,41,34,42,36,0.13949614,0.142857143,0.142857143,,
36,3,2,6.5703125,1.84765625,6.135742188,22.98828125,2.962890625,16.26953125,42,34,36,36,0.14034792,0.166666667,0.166666667,,
37,3,2,6.659179688,1.798828125,6.150390625,23.39257813,2.8671875,16.25976563,42,34,36,36,0.139650375,0.166666667,0.166666667,,
38,3,1,6.686523438,1.762695313,6.201171875,23.75292969,2.7421875,16.29296875,42,34,36,36,0.140080915,0.166666667,0.166666667,,
39,2,1,6.561523438,1.725585938,6.21484375,23.33105469,2.70703125,16.22070313,42,35,36,36,0.141632564,0.166666667,0.166666667,,
40,2,1,6.020507813,1.462890625,6.533203125,21.30566406,2.095703125,16.484375,39,35,36,36,0.14917806,0.166666667,0.166666667,,
41,2,1,5.190429688,1.077148438,6.927734375,18.49511719,1.185546875,16.75195313,36,35,36,36,0.157445514,0.166666667,0.166666667,,
42,3,1,5.145507813,1.04296875,6.9375,18.26953125,1.09375,16.796875,36,35,36,36,0.158644903,0.166666667,0.166666667,,
43,2,0,5.177734375,1.05859375,6.938476563,18.30371094,1.14453125,16.74804688,36,35,36,36,0.158173673,0.166666667,0.166666667,,
44,2,1,5.161132813,1.059570313,6.966796875,18.24316406,1.14453125,16.80859375,36,35,36,36,0.158772399,0.166666667,0.166666667,,
45,2,0,5.205078125,1.075195313,6.995117188,18.40039063,1.201171875,16.85742188,36,35,36,36,0.158320933,0.166666667,0.166666667,,
46,2,1,5.205078125,1.094726563,6.977539063,18.41601563,1.212890625,16.83398438,36,35,36,36,0.158785187,0.166666667,0.166666667,,
47,2,1,5.232421875,1.077148438,6.97265625,18.49902344,1.177734375,16.8046875,36,35,34,36,0.159178525,0.166666667,0.166666667,,
48,2,1,5.256835938,1.078125,6.9765625,18.62890625,1.173828125,16.796875,36,35,36,36,0.158513145,0.166666667,0.166666667,,
49,2,1,5.231445313,1.092773438,6.982421875,18.51464844,1.203125,16.85351563,36,35,36,36,0.159343223,0.166666667,0.166666667,,
50,3,0,5.299804688,1.112304688,6.930664063,18.7421875,1.244140625,16.7421875,36,35,36,36,0.159076641,0.166666667,0.166666667,,
,299,89,388,,,,,,,,,,,,,,
0,69,26,3.326171875,2.092773438,1.873046875,10.30957031,3.646484375,3.05859375,17,17,20,20,0.111176215,0.125,0.125,,
1,18,1,3.693359375,2.090820313,1.916015625,12.04394531,3.671875,3.1171875,18,17,20,20,0.113218859,0.125,0.125,,
2,18,1,4.504882813,1.998046875,2.118164063,16.66992188,3.2890625,3.560546875,23,19,15,20,0.11964247,0.125,0.125,,
3,20,2,5.126953125,1.9375,2.1484375,19.46191406,2.994140625,3.6328125,26,21,31,31,0.123273189,0.142857143,0.142857143,,
4,12,2,5.213867188,1.928710938,2.192382813,19.30078125,2.9609375,3.736328125,25,22,32,31,0.123711868,0.142857143,0.142857143,,
5,15,1,5.25,1.8828125,2.248046875,18.94628906,2.861328125,3.904296875,25,22,31,31,0.124292415,0.142857143,0.142857143,,
6,6,1,5.478515625,1.749023438,2.663085938,19.25390625,2.5625,5.021484375,26,23,31,31,0.127907211,0.142857143,0.142857143,,
7,3,1,5.88671875,1.287109375,3.616210938,20.56542969,1.5859375,7.66796875,29,24,31,31,0.136801293,0.142857143,0.142857143,,
8,3,1,5.985351563,1.193359375,3.826171875,21.08886719,1.3984375,8.251953125,30,24,26,31,0.138974144,0.142857143,0.142857143,,
9,6,1,5.970703125,1.220703125,3.815429688,20.96484375,1.46484375,8.2109375,30,25,29,31,0.138742405,0.142857143,0.142857143,,
10,5,2,6.004882813,1.206054688,3.844726563,21.06542969,1.4296875,8.234375,30,25,33,31,0.13882456,0.142857143,0.142857143,,
11,4,2,6.017578125,1.19921875,3.834960938,21.07324219,1.412109375,8.19921875,30,26,31,31,0.13913923,0.142857143,0.142857143,,
12,4,2,6.01953125,1.205078125,3.815429688,21.02539063,1.43359375,8.162109375,30,26,20,31,0.139171394,0.142857143,0.142857143,,
13,3,2,6.079101563,1.200195313,3.858398438,21.1875,1.41796875,8.263671875,30,27,31,31,0.139376783,0.142857143,0.142857143,,
14,4,2,6.060546875,1.1875,3.8046875,21.09765625,1.388671875,8.111328125,30,27,31,31,0.138817197,0.142857143,0.142857143,,
15,3,2,6.075195313,1.217773438,3.719726563,21.30566406,1.453125,7.81640625,30,27,33,33,0.13890129,0.166666667,0.166666667,,
16,5,1,6.079101563,1.23828125,3.733398438,21.24121094,1.4921875,7.890625,30,27,33,33,0.138834635,0.166666667,0.166666667,,
17,4,2,6.098632813,1.23828125,3.697265625,21.29589844,1.482421875,7.736328125,30,27,33,33,0.139938341,0.166666667,0.166666667,,
18,4,1,6.116210938,1.256835938,3.7421875,21.52050781,1.541015625,7.66015625,30,27,33,33,0.141769396,0.166666667,0.166666667,,
19,3,1,6.29296875,1.11328125,4.27734375,22.64257813,1.248046875,8.28515625,32,28,25,33,0.151946925,0.166666667,0.166666667,,
20,4,1,6.349609375,1.03515625,4.603515625,23.03222656,1.08203125,8.759765625,32,28,33,33,0.159459868,0.166666667,0.166666667,,
21,4,1,6.39453125,1.036132813,4.53125,23.02246094,1.08203125,8.650390625,32,28,33,33,0.15905723,0.166666667,0.166666667,,
22,4,1,6.409179688,1.041992188,4.525390625,23.23730469,1.099609375,8.630859375,32,28,27,33,0.159383138,0.166666667,0.166666667,,
23,3,2,6.442382813,1.046875,4.432617188,23.31933594,1.109375,8.427734375,32,28,33,33,0.158685593,0.166666667,0.166666667,,
24,4,1,6.439453125,1.036132813,4.322265625,23.18554688,1.083984375,8.296875,32,29,33,33,0.158621264,0.166666667,0.166666667,,
25,3,1,6.447265625,1.026367188,4.290039063,23.22753906,1.0546875,8.2109375,32,29,33,33,0.159122721,0.166666667,0.166666667,,
26,3,1,6.430664063,1.032226563,4.262695313,23.15332031,1.0703125,8.21875,32,29,31,33,0.159832667,0.166666667,0.166666667,,
27,3,1,6.427734375,1.02734375,4.212890625,23.17382813,1.06640625,8.060546875,32,29,27,33,0.158894892,0.166666667,0.166666667,,
28,3,2,6.439453125,1.038085938,4.232421875,23.02148438,1.111328125,8.048828125,32,29,27,33,0.15866428,0.166666667,0.166666667,,
29,3,2,6.473632813,1.022460938,4.192382813,23.17773438,1.046875,7.953125,32,29,33,33,0.160084558,0.166666667,0.166666667,,
30,3,0,6.49609375,1.036132813,4.151367188,23.10058594,1.08203125,7.900390625,32,29,25,33,0.158804176,0.166666667,0.166666667,,
31,2,1,6.490234375,1.03125,4.099609375,23.16796875,1.072265625,7.701171875,31,29,33,33,0.159811353,0.166666667,0.166666667,,
32,2,1,6.497070313,1.030273438,4.145507813,23.24707031,1.076171875,7.818359375,32,29,33,33,0.159231228,0.166666667,0.166666667,,
33,2,1,6.48828125,1.040039063,4.120117188,23.203125,1.1015625,7.712890625,32,29,33,33,0.157906669,0.2,0.2,,
34,2,1,6.509765625,1.033203125,4.125976563,23.06640625,1.080078125,7.779296875,31,29,21,33,0.158445328,0.2,0.2,,
35,2,1,6.4921875,1.026367188,4.18359375,22.92089844,1.05859375,8.01953125,31,30,33,33,0.159366862,0.2,0.2,,
36,2,1,6.43359375,1.041992188,4.306640625,22.38867188,1.1171875,8.365234375,31,30,33,33,0.164040024,0.2,0.2,,
37,2,0,6.255859375,1.0234375,4.91015625,20.58203125,1.056640625,10.08984375,31,30,33,33,0.178698149,0.2,0.2,,
38,2,0,6.090820313,1.018554688,5.346679688,19.234375,1.037109375,11.296875,31,30,33,33,0.189098927,0.2,0.2,,
39,2,0,6.079101563,1.024414063,5.291992188,19.234375,1.064453125,11.15820313,31,30,33,33,0.189701916,0.2,0.2,,
40,2,1,6.103515625,1.032226563,5.319335938,19.43457031,1.0859375,11.1953125,31,30,33,33,0.189408172,0.2,0.2,,
41,2,1,6.08203125,1.029296875,5.323242188,19.41894531,1.0703125,11.23046875,31,30,33,33,0.18929114,0.2,0.2,,
42,2,1,6.08203125,1.03515625,5.243164063,19.4375,1.091796875,11.01171875,31,30,25,33,0.188730391,0.2,0.2,,
43,2,1,6.052734375,1.049804688,5.109375,19.38183594,1.119140625,10.68164063,31,30,33,33,0.187078373,0.2,0.2,,
44,1,1,6.0703125,1.029296875,5.041992188,19.38378906,1.064453125,10.4765625,30,30,33,33,0.189938306,0.2,0.2,,
45,1,0,6.0859375,1.033203125,4.975585938,19.51660156,1.0859375,10.31835938,30,30,33,33,0.189608135,0.2,0.2,,
46,2,0,6.109375,1.022460938,4.926757813,19.578125,1.05078125,10.22265625,30,30,33,33,0.189871264,0.2,0.2,,
47,2,0,6.130859375,1.056640625,4.889648438,19.83398438,1.130859375,10.22265625,31,30,29,33,0.188787745,0.2,0.2,,
48,2,1,6.045898438,1.052734375,4.9375,19.39257813,1.13671875,10.29882813,30,30,33,33,0.188088298,0.2,0.2,,
49,2,1,6.079101563,1.051757813,4.61328125,19.49121094,1.1171875,9.560546875,30,30,21,33,0.188388982,0.2,0.2,,
50,1,1,6.073242188,1.060546875,4.610351563,19.44433594,1.140625,9.595703125,30,30,21,33,0.188995071,0.2,0.2,,
,283,81,364,,,,,,,,,,,,,,
0,66,27,3.231445313,2.052734375,1.88671875,9.770507813,3.583984375,3.09765625,16,16,15,15,0.111182803,0.142857143,0.142857143,,
1,18,2,3.442382813,2.174804688,1.801757813,10.19140625,3.916015625,2.859375,16,16,15,15,0.113262261,0.142857143,0.142857143,,
2,17,0,4.143554688,2.358398438,1.708007813,12.43945313,4.466796875,2.720703125,19,17,15,15,0.120085023,0.142857143,0.142857143,,
3,14,1,4.861328125,2.182617188,1.791015625,14.12109375,4.017578125,3.037109375,21,18,15,15,0.127995954,0.142857143,0.142857143,,
4,9,1,5.112304688,1.4296875,2.12890625,13.61523438,2.03125,4.26171875,19,18,15,15,0.138216533,0.142857143,0.142857143,,
5,12,0,5.146484375,1.268554688,2.372070313,13.46191406,1.599609375,5.017578125,20,19,15,15,0.140407211,0.142857143,0.142857143,,
6,13,0,5.14453125,1.30859375,2.275390625,13.34667969,1.6796875,4.705078125,19,19,27,15,0.140508743,0.142857143,0.142857143,,
7,3,0,5.109375,1.334960938,2.263671875,13.265625,1.7421875,4.63671875,19,19,15,15,0.140001473,0.142857143,0.142857143,,
8,2,0,5.107421875,1.379882813,2.262695313,13.359375,1.865234375,4.6640625,19,19,27,15,0.140642439,0.142857143,0.142857143,,
9,3,0,5.112304688,1.3828125,2.262695313,13.31640625,1.8671875,4.62890625,19,19,17,15,0.140483166,0.142857143,0.142857143,,
10,3,1,5.106445313,1.388671875,2.301757813,13.33105469,1.890625,4.75390625,19,19,27,15,0.140697467,0.142857143,0.142857143,,
11,3,1,5.125976563,1.42578125,2.291992188,13.37109375,1.990234375,4.728515625,20,19,25,15,0.140638563,0.142857143,0.142857143,,
12,2,1,5.141601563,1.444335938,2.180664063,13.41210938,2.009765625,4.427734375,19,19,27,15,0.140534707,0.142857143,0.142857143,,
13,2,0,5.130859375,1.456054688,2.099609375,13.390625,2.044921875,4.19921875,19,19,37,15,0.140645151,0.142857143,0.142857143,,
14,3,0,5.15625,1.461914063,2.198242188,13.49316406,2.068359375,4.5234375,20,19,15,15,0.140287466,0.142857143,0.142857143,,
15,4,1,5.151367188,1.42578125,2.330078125,13.41796875,1.966796875,4.833984375,20,19,29,15,0.140139431,0.142857143,0.142857143,,
16,5,1,5.139648438,1.444335938,2.36328125,13.41503906,2.041015625,4.90625,20,19,25,15,0.140345982,0.142857143,0.142857143,,
17,6,0,5.129882813,1.459960938,2.290039063,13.33398438,2.05078125,4.677734375,20,19,15,15,0.140400623,0.142857143,0.142857143,,
18,4,0,5.134765625,1.508789063,2.358398438,13.40917969,2.166015625,4.890625,20,19,27,15,0.140652902,0.142857143,0.142857143,,
19,6,0,5.16015625,1.5390625,2.329101563,13.43359375,2.248046875,4.755859375,20,19,15,15,0.140480841,0.142857143,0.142857143,,
20,4,0,5.177734375,1.548828125,2.255859375,13.42285156,2.26953125,4.4921875,20,19,27,15,0.140554083,0.142857143,0.142857143,,
21,3,0,5.157226563,1.602539063,2.21875,13.4140625,2.380859375,4.396484375,20,19,15,15,0.140088313,0.142857143,0.142857143,,
22,4,0,5.170898438,1.6640625,2.088867188,13.5078125,2.5546875,4.03125,20,19,15,15,0.140514555,0.142857143,0.142857143,,
23,3,1,5.17578125,1.680664063,2.059570313,13.52636719,2.56640625,4.01171875,20,19,17,15,0.14065794,0.142857143,0.142857143,,
24,4,0,5.173828125,1.705078125,2.044921875,13.53808594,2.595703125,3.9609375,20,19,27,15,0.140745908,0.142857143,0.142857143,,
25,3,0,5.1875,1.794921875,2.010742188,13.60058594,2.798828125,3.841796875,20,19,15,15,0.140868753,0.142857143,0.142857143,,
26,3,1,5.200195313,1.904296875,1.97265625,13.57617188,3.03515625,3.677734375,20,19,15,15,0.140407599,0.142857143,0.142857143,,
27,2,0,5.176757813,1.942382813,2.025390625,13.375,3.12890625,3.8046875,20,19,19,15,0.140641276,0.142857143,0.142857143,,
28,2,0,5.206054688,2.010742188,2.04296875,13.46972656,3.3046875,3.810546875,20,19,15,15,0.140658327,0.142857143,0.142857143,,
29,2,0,5.211914063,2.057617188,2.1171875,13.4375,3.427734375,3.927734375,20,19,17,15,0.140323118,0.142857143,0.142857143,,
30,2,0,5.208007813,2.099609375,2.057617188,13.39160156,3.48046875,3.75,20,19,17,15,0.140223524,0.142857143,0.142857143,,
31,3,0,5.172851563,2.063476563,2.12109375,13.17089844,3.41015625,3.880859375,20,19,19,15,0.14077381,0.142857143,0.142857143,,
32,2,1,5.133789063,2.020507813,2.07421875,13.0859375,3.3359375,3.716796875,20,19,25,15,0.140529669,0.142857143,0.142857143,,
33,2,0,5.124023438,1.981445313,1.984375,13.00878906,3.283203125,3.48046875,19,19,15,15,0.140376597,0.142857143,0.142857143,,
34,3,0,5.1796875,1.956054688,2,13.16601563,3.228515625,3.48828125,19,19,19,15,0.140295216,0.142857143,0.142857143,,
35,2,0,5.146484375,1.931640625,2.072265625,13.0546875,3.15234375,3.67578125,19,19,19,15,0.140147182,0.142857143,0.142857143,,
36,2,0,5.110351563,1.881835938,2.126953125,12.91796875,2.994140625,3.7734375,19,19,15,15,0.140644376,0.142857143,0.142857143,,
37,2,0,5.149414063,1.783203125,2.096679688,13.07714844,2.767578125,3.677734375,19,19,15,15,0.140728469,0.142857143,0.142857143,,
38,2,0,5.143554688,1.743164063,2.110351563,13.04296875,2.654296875,3.75390625,19,19,15,15,0.140681579,0.142857143,0.142857143,,
39,1,0,5.12109375,1.76953125,2.091796875,12.875,2.7578125,3.6875,19,19,19,15,0.140302192,0.142857143,0.142857143,,
40,2,0,5.15625,1.774414063,2.102539063,13.00097656,2.8125,3.650390625,19,19,33,15,0.140842014,0.142857143,0.142857143,,
41,1,0,5.125,1.775390625,2.205078125,12.90722656,2.810546875,3.875,19,19,19,15,0.140340557,0.142857143,0.142857143,,
42,1,0,5.1328125,1.771484375,2.203125,12.984375,2.783203125,3.892578125,19,19,15,15,0.140657552,0.142857143,0.142857143,,
43,2,0,5.158203125,1.807617188,2.075195313,12.99609375,2.880859375,3.576171875,19,19,15,15,0.140095641,0.142857143,0.142857143,,
44,2,0,5.153320313,1.90625,2.020507813,12.93847656,3.1015625,3.419921875,19,19,15,15,0.140175084,0.142857143,0.142857143,,
45,2,0,5.143554688,1.923828125,1.984375,12.85351563,3.10546875,3.259765625,19,19,17,15,0.140761409,0.142857143,0.142857143,,
46,2,0,5.116210938,1.943359375,1.975585938,12.82519531,3.146484375,3.212890625,19,19,33,15,0.140278553,0.142857143,0.142857143,,
47,2,0,5.12109375,1.8515625,1.953125,12.86523438,2.958984375,3.2421875,19,19,15,15,0.140663365,0.142857143,0.142857143,,
48,1,1,5.11328125,1.78515625,1.868164063,12.90332031,2.822265625,2.982421875,18,19,19,15,0.140563771,0.142857143,0.142857143,,
49,2,1,5.146484375,1.798828125,1.82421875,13.01074219,2.822265625,2.875,18,19,27,15,0.140530444,0.142857143,0.142857143,,
50,2,1,5.123046875,1.84765625,1.86328125,12.98242188,2.943359375,2.984375,18,19,15,15,0.140731182,0.142857143,0.142857143,,
,265,42,307,,,,,,,,,,,,,,
0,70,30,3.212890625,2.01953125,1.94140625,9.53125,3.443359375,3.189453125,16,16,34,34,0.111039842,0.125,0.125,,
1,18,1,3.299804688,2.004882813,2.026367188,9.9296875,3.43359375,3.419921875,16,16,34,34,0.112159366,0.142857143,0.142857143,,
2,18,1,4.030273438,1.846679688,2.247070313,12.83203125,3.08203125,4.1328125,20,17,34,34,0.117044503,0.142857143,0.142857143,,
3,17,1,4.997070313,1.477539063,2.7109375,16.234375,2.109375,5.5,23,19,34,34,0.123762246,0.142857143,0.142857143,,
4,10,1,5.049804688,1.858398438,2.814453125,16.25878906,2.876953125,5.5859375,24,20,32,34,0.12613816,0.142857143,0.142857143,,
5,13,1,5.203125,3.047851563,3.415039063,17.61914063,5.22265625,6.435546875,29,21,34,34,0.133301944,0.142857143,0.142857143,,
6,7,1,5.299804688,4.087890625,3.891601563,18.76757813,7.26171875,7.115234375,33,23,46,34,0.139916605,0.142857143,0.142857143,,
7,4,1,5.350585938,4.100585938,3.891601563,18.87304688,7.318359375,7.0625,33,24,34,34,0.139613173,0.142857143,0.142857143,,
8,4,1,5.284179688,4.157226563,3.897460938,18.58691406,7.462890625,7.033203125,33,25,46,34,0.140260727,0.142857143,0.142857143,,
9,5,1,5.3359375,4.046875,3.874023438,18.734375,7.3125,7.001953125,33,26,18,34,0.139526755,0.142857143,0.142857143,,
10,4,1,5.368164063,4.055664063,3.874023438,18.92578125,7.400390625,7.041015625,33,26,32,34,0.139632549,0.142857143,0.142857143,,
11,4,1,5.397460938,4.005859375,3.823242188,18.98144531,7.28515625,6.908203125,33,27,34,34,0.139518617,0.142857143,0.142857143,,
12,7,1,5.45703125,3.981445313,3.860351563,19.16308594,7.271484375,7.033203125,33,27,28,34,0.13992358,0.142857143,0.142857143,,
13,6,1,5.510742188,3.98828125,3.887695313,19.27929688,7.3125,7.087890625,33,28,34,34,0.139898779,0.142857143,0.142857143,,
14,6,1,5.5546875,3.907226563,3.89453125,19.32421875,7.162109375,7.111328125,33,28,36,34,0.139736406,0.142857143,0.142857143,,
15,6,2,5.501953125,3.856445313,3.866210938,19.18359375,7.064453125,7.091796875,33,28,32,34,0.140124705,0.142857143,0.142857143,,
16,6,0,5.581054688,3.833007813,3.840820313,19.375,7.07421875,7.123046875,33,29,34,34,0.139837162,0.142857143,0.142857143,,
17,7,1,5.686523438,3.810546875,3.837890625,19.60839844,7.1328125,7.189453125,33,29,36,34,0.140006898,0.142857143,0.142857143,,
18,6,1,5.739257813,3.78125,3.854492188,19.65234375,7.041015625,7.21875,33,29,34,34,0.140282041,0.142857143,0.142857143,,
19,4,1,5.724609375,3.704101563,3.852539063,19.64941406,6.81640625,7.216796875,33,29,32,34,0.139822824,0.142857143,0.142857143,,
20,3,1,5.770507813,3.65625,3.827148438,19.84472656,6.6796875,7.125,33,30,34,34,0.140200273,0.142857143,0.142857143,,
21,4,1,5.815429688,3.600585938,3.8203125,19.96484375,6.529296875,7.09765625,33,30,26,34,0.139238436,0.142857143,0.142857143,,
22,4,1,5.790039063,3.568359375,3.767578125,19.71679688,6.505859375,6.96875,33,30,32,34,0.139562019,0.142857143,0.142857143,,
23,4,1,5.79296875,3.540039063,3.750976563,19.62402344,6.41796875,6.955078125,32,30,32,34,0.139603097,0.142857143,0.142857143,,
24,3,1,5.801757813,3.372070313,3.733398438,19.49804688,6.1015625,6.94921875,32,30,34,34,0.139891803,0.142857143,0.142857143,,
25,4,2,5.872070313,3.255859375,3.720703125,19.78808594,5.87109375,6.998046875,32,30,42,34,0.139644562,0.142857143,0.142857143,,
26,3,1,5.849609375,3.18359375,3.7109375,19.89453125,5.73828125,6.97265625,32,30,24,34,0.139724392,0.142857143,0.142857143,,
27,3,0,5.899414063,3.131835938,3.65234375,19.92773438,5.685546875,6.875,32,30,34,34,0.139586434,0.142857143,0.142857143,,
28,2,1,5.890625,3.12890625,3.649414063,19.86816406,5.705078125,6.884765625,32,30,34,34,0.140029762,0.142857143,0.142857143,,
29,2,1,5.794921875,3.178710938,3.60546875,19.44042969,5.828125,6.75390625,32,30,34,34,0.140500992,0.142857143,0.142857143,,
30,2,0,5.823242188,3.084960938,3.58984375,19.51464844,5.6015625,6.681640625,31,30,34,34,0.139596509,0.142857143,0.142857143,,
31,3,1,5.77734375,3.080078125,3.567382813,19.21679688,5.595703125,6.525390625,31,30,24,34,0.139718579,0.142857143,0.142857143,,
32,2,0,5.786132813,3.028320313,3.546875,18.88671875,5.513671875,6.521484375,30,30,34,34,0.140087116,0.142857143,0.142857143,,
33,3,1,5.810546875,2.896484375,3.514648438,18.88476563,5.1796875,6.478515625,30,30,34,34,0.139918155,0.142857143,0.142857143,,
34,2,1,5.90234375,2.944335938,3.560546875,19.50488281,5.2890625,6.642578125,31,30,34,34,0.13976547,0.142857143,0.142857143,,
35,2,1,5.82421875,2.935546875,3.549804688,19.02832031,5.26953125,6.599609375,30,30,34,34,0.140195623,0.142857143,0.142857143,,
36,2,0,5.908203125,2.911132813,3.512695313,19.38964844,5.306640625,6.49609375,31,30,36,34,0.13992823,0.142857143,0.142857143,,
37,2,1,5.931640625,2.801757813,3.505859375,19.24707031,5.037109375,6.5546875,30,30,18,34,0.14020066,0.142857143,0.142857143,,
38,2,0,5.903320313,2.805664063,3.497070313,18.859375,5.17578125,6.501953125,30,30,18,34,0.13945545,0.142857143,0.142857143,,
39,2,1,5.830078125,2.751953125,3.4140625,18.45507813,5.0234375,6.251953125,29,30,44,34,0.139620923,0.142857143,0.142857143,,
40,1,0,5.771484375,2.6875,3.380859375,18.21289063,4.771484375,6.134765625,29,30,44,34,0.139861611,0.142857143,0.142857143,,
41,2,0,5.806640625,2.688476563,3.380859375,18.28027344,4.71875,6.181640625,29,30,18,34,0.140047588,0.142857143,0.142857143,,
42,2,1,5.810546875,2.717773438,3.342773438,18.27734375,4.794921875,6.107421875,29,30,18,34,0.139947607,0.142857143,0.142857143,,
43,1,0,5.872070313,2.577148438,3.306640625,18.29785156,4.484375,6.095703125,28,30,38,34,0.140173534,0.142857143,0.142857143,,
44,2,1,5.888671875,2.522460938,3.29296875,18.07128906,4.357421875,6.08984375,28,30,18,34,0.13992203,0.142857143,0.142857143,,
45,2,1,5.888671875,2.602539063,3.278320313,18.08007813,4.529296875,6.052734375,28,30,30,34,0.140144082,0.142857143,0.142857143,,
46,2,0,5.901367188,2.610351563,3.270507813,17.99804688,4.580078125,6.05859375,28,30,26,34,0.139860449,0.142857143,0.142857143,,
47,2,0,5.875976563,2.673828125,3.305664063,17.98535156,4.724609375,6.115234375,28,30,36,34,0.140016586,0.142857143,0.142857143,,
48,2,1,5.903320313,2.584960938,3.31640625,18.23925781,4.509765625,6.1484375,28,30,38,34,0.140634336,0.142857143,0.142857143,,
49,2,1,5.977539063,2.651367188,3.380859375,18.65332031,4.705078125,6.30078125,29,30,32,34,0.140056114,0.142857143,0.142857143,,
50,2,1,6.006835938,2.5703125,3.37890625,18.78710938,4.5546875,6.2890625,29,30,36,34,0.140134781,0.142857143,0.142857143,,
,296,71,367,,,,,,,,,,,,,,
0,65,25,3.147460938,2.086914063,1.862304688,9.609375,3.666015625,2.98046875,16,16,27,27,0.111113084,0.125,0.125,,
1,16,2,3.462890625,2.002929688,1.854492188,10.70996094,3.44921875,2.91796875,17,16,31,27,0.112744141,0.125,0.125,,
2,21,1,4.364257813,1.96875,1.95703125,14.11425781,3.671875,3.03515625,20,18,22,22,0.118601966,0.142857143,0.142857143,,
3,14,2,5.08203125,1.920898438,2.0859375,17.06738281,3.73828125,3.25,24,19,22,22,0.123523143,0.142857143,0.142857143,,
4,11,1,5.193359375,1.862304688,2.030273438,17.13867188,3.5859375,3.109375,23,20,22,22,0.124281529,0.142857143,0.142857143,,
5,13,1,5.395507813,1.627929688,1.841796875,17.45507813,2.935546875,2.7265625,23,20,22,22,0.127392578,0.142857143,0.142857143,,
6,10,1,6.020507813,1.206054688,1.29296875,19.49511719,1.6171875,1.609375,22,21,22,22,0.136042942,0.142857143,0.142857143,,
7,4,1,6.232421875,1.037109375,1.033203125,20.24707031,1.1015625,1.076171875,22,21,22,22,0.139167519,0.142857143,0.142857143,,
8,4,1,6.280273438,1.0625,1.0546875,20.12597656,1.15234375,1.14453125,22,21,22,22,0.139257848,0.142857143,0.142857143,,
9,4,1,6.322265625,1.05078125,1.0703125,20.17773438,1.130859375,1.1953125,22,21,30,22,0.139558919,0.142857143,0.142857143,,
10,3,2,6.330078125,1.033203125,1.083984375,20.10351563,1.07421875,1.236328125,22,21,22,22,0.139448122,0.142857143,0.142857143,,
11,4,1,6.359375,1.065429688,1.068359375,20.39257813,1.140625,1.1875,22,21,22,22,0.13913849,0.142857143,0.142857143,,
12,3,2,6.416015625,1.037109375,1.069335938,20.46777344,1.091796875,1.1953125,22,21,22,22,0.138847494,0.142857143,0.142857143,,
13,6,1,6.455078125,1.044921875,1.046875,20.41308594,1.099609375,1.119140625,22,21,22,22,0.139722455,0.142857143,0.142857143,,
14,5,1,6.474609375,1.038085938,1.0703125,20.4296875,1.103515625,1.177734375,22,21,22,22,0.139695716,0.142857143,0.142857143,,
15,7,1,6.440429688,1.038085938,1.067382813,20.56738281,1.0859375,1.16015625,22,21,37,37,0.139981709,0.166666667,0.166666667,,
16,3,1,6.454101563,1.044921875,1.0859375,20.70898438,1.09765625,1.1953125,23,22,37,37,0.139922418,0.166666667,0.166666667,,
17,4,0,6.489257813,1.072265625,1.090820313,20.94433594,1.173828125,1.197265625,23,22,37,37,0.139567057,0.166666667,0.166666667,,
18,4,0,6.717773438,1.052734375,1.092773438,22.4140625,1.146484375,1.1953125,24,22,37,37,0.141484918,0.166666667,0.166666667,,
19,7,1,7.411132813,1.029296875,1.076171875,28.09472656,1.068359375,1.162109375,30,22,37,37,0.149356357,0.166666667,0.166666667,,
20,4,1,8.090820313,1.032226563,1.03515625,34.96875,1.09375,1.0703125,37,23,37,37,0.15956295,0.166666667,0.166666667,,
21,3,1,8.151367188,1.014648438,1.0390625,35.61523438,1.03515625,1.078125,37,23,37,37,0.160020229,0.166666667,0.166666667,,
22,3,1,8.168945313,1.03125,1.048828125,35.50097656,1.06640625,1.1171875,37,24,37,37,0.160057819,0.166666667,0.166666667,,
23,3,2,8.182617188,1.037109375,1.046875,35.33398438,1.087890625,1.099609375,37,25,37,37,0.159019252,0.166666667,0.166666667,,
24,2,1,8.169921875,1.036132813,1.071289063,35.37988281,1.078125,1.15625,37,25,37,37,0.159656731,0.166666667,0.166666667,,
25,4,2,8.208984375,1.047851563,1.075195313,35.59082031,1.123046875,1.1640625,37,26,37,37,0.159003364,0.166666667,0.166666667,,
26,4,1,8.220703125,1.030273438,1.087890625,35.67675781,1.06640625,1.193359375,37,26,37,37,0.158731709,0.2,0.2,,
27,5,1,8.30078125,1.020507813,1.075195313,36.02539063,1.041015625,1.166015625,38,26,37,37,0.160530599,0.2,0.2,,
28,3,1,8.290039063,1.05078125,1.084960938,36.06640625,1.12109375,1.17578125,38,27,37,37,0.160294244,0.2,0.2,,
29,2,1,8.060546875,1.03515625,1.08203125,35.53613281,1.09375,1.177734375,37,27,37,37,0.165197173,0.2,0.2,,
30,2,1,7.436523438,1.024414063,1.057617188,34.97070313,1.0546875,1.125,37,27,37,37,0.18010504,0.2,0.2,,
31,2,1,7.16015625,1.016601563,1.040039063,34.79589844,1.046875,1.083984375,36,28,37,37,0.186162511,0.2,0.2,,
32,2,1,7.189453125,1.0390625,1.0234375,34.86425781,1.087890625,1.046875,36,28,37,37,0.188261169,0.2,0.2,,
33,2,1,7.170898438,1.041992188,1.036132813,34.84277344,1.09375,1.080078125,37,28,37,37,0.186723048,0.2,0.2,,
34,2,1,7.217773438,1.03515625,1.033203125,35.02636719,1.10546875,1.06640625,37,29,37,37,0.187976691,0.2,0.2,,
35,2,2,7.194335938,1.015625,1.056640625,34.9921875,1.041015625,1.123046875,37,29,37,37,0.187498133,0.2,0.2,,
36,2,1,7.194335938,1.038085938,1.0703125,34.96972656,1.083984375,1.15234375,37,29,37,37,0.187067135,0.2,0.2,,
37,3,1,7.221679688,1.037109375,1.056640625,34.97070313,1.099609375,1.119140625,37,29,37,37,0.187692741,0.2,0.2,,
38,3,1,7.241210938,1.049804688,1.0703125,34.94433594,1.123046875,1.16015625,37,29,37,37,0.186330521,0.2,0.2,,
39,2,1,7.23828125,1.055664063,1.08203125,35.14648438,1.142578125,1.171875,37,30,37,37,0.187962035,0.2,0.2,,
40,2,1,7.268554688,1.026367188,1.104492188,35.10058594,1.060546875,1.21484375,37,30,37,37,0.188014281,0.2,0.2,,
41,2,1,7.31640625,1.033203125,1.099609375,35.33398438,1.08203125,1.205078125,37,30,58,37,0.186834761,0.2,0.2,,
42,3,1,7.302734375,1.040039063,1.133789063,35.27148438,1.1015625,1.2734375,37,30,37,37,0.186940485,0.2,0.2,,
43,2,1,7.286132813,1.028320313,1.1171875,35.34375,1.0703125,1.240234375,37,30,37,37,0.187896226,0.2,0.2,,
44,2,1,7.32421875,1.037109375,1.1484375,35.15625,1.10546875,1.306640625,37,30,37,37,0.186520408,0.2,0.2,,
45,2,1,7.305664063,1.022460938,1.142578125,35.01367188,1.052734375,1.291015625,37,31,37,37,0.186897399,0.2,0.2,,
46,2,1,7.36328125,1.01953125,1.196289063,35.1171875,1.041015625,1.41796875,37,31,65,37,0.186565713,0.2,0.2,,
47,2,1,7.361328125,1.01953125,1.170898438,35.11132813,1.048828125,1.34375,37,31,37,37,0.187843453,0.2,0.2,,
48,2,1,7.380859375,1.0390625,1.1796875,35.1640625,1.08203125,1.365234375,37,31,45,37,0.186910293,0.2,0.2,,
49,2,1,7.409179688,1.030273438,1.172851563,35.15234375,1.064453125,1.35546875,37,31,37,37,0.186989242,0.2,0.2,,
50,2,1,7.392578125,1.034179688,1.159179688,35.19726563,1.07421875,1.361328125,37,31,37,37,0.188146779,0.2,0.2,,
,286,80,366,,,,,,,,,,,,,,
0,66,27,3.17578125,2.037109375,1.974609375,9.466796875,3.646484375,3.349609375,16,16,11,11,0.111159939,0.125,0.125,,
1,18,1,3.483398438,1.899414063,1.981445313,10.71777344,3.33203125,3.30078125,17,16,17,11,0.113197157,0.125,0.125,,
2,23,1,4.375,1.739257813,2.056640625,13.25097656,2.900390625,3.37109375,19,17,24,11,0.119666884,0.125,0.125,,
3,12,1,4.897460938,1.581054688,2.061523438,14.85742188,2.375,3.361328125,20,18,25,11,0.123931207,0.125,0.125,,
4,10,1,4.958984375,1.565429688,2.088867188,15.02929688,2.3046875,3.384765625,20,18,24,11,0.123963759,0.125,0.125,,
5,14,1,5.006835938,1.563476563,2.073242188,15.01855469,2.302734375,3.36328125,20,19,16,11,0.123714193,0.125,0.125,,
6,7,1,5.041015625,1.610351563,2.053710938,14.98730469,2.43359375,3.326171875,20,19,18,11,0.123787435,0.125,0.125,,
7,4,0,5.083984375,1.6015625,2.009765625,14.9296875,2.369140625,3.19140625,20,19,18,18,0.123865715,0.142857143,0.142857143,,
8,3,0,5.081054688,1.58203125,1.978515625,14.74902344,2.326171875,3.150390625,20,19,18,18,0.124229213,0.142857143,0.142857143,,
9,3,1,5.192382813,1.715820313,1.9140625,15.37890625,2.69140625,3.005859375,21,19,37,18,0.125302269,0.142857143,0.142857143,,
10,2,1,5.260742188,2.130859375,1.622070313,16.59960938,3.861328125,2.35546875,22,20,18,18,0.130837674,0.142857143,0.142857143,,
11,3,1,5.28515625,2.734375,1.063476563,18.29882813,5.6484375,1.134765625,25,20,25,18,0.139389183,0.142857143,0.142857143,,
12,2,1,5.33203125,2.732421875,1.046875,18.28613281,5.62890625,1.09375,25,20,18,18,0.140060764,0.142857143,0.142857143,,
13,3,1,5.3203125,2.626953125,1.025390625,18.109375,5.3125,1.05859375,24,21,18,18,0.140151057,0.142857143,0.142857143,,
14,4,0,5.344726563,2.53125,1.038085938,17.87988281,5.017578125,1.083984375,23,21,51,51,0.140276615,0.166666667,0.166666667,,
15,5,1,5.342773438,2.489257813,1.048828125,17.80175781,4.873046875,1.1171875,23,21,51,51,0.139972796,0.166666667,0.166666667,,
16,4,2,5.357421875,2.622070313,1.053710938,17.703125,5.31640625,1.134765625,24,21,51,51,0.140497892,0.166666667,0.166666667,,
17,5,1,5.448242188,3.358398438,1.061523438,18.09570313,8.361328125,1.1484375,27,21,51,51,0.143662032,0.166666667,0.166666667,,
18,8,2,5.834960938,5.950195313,1.028320313,21.02832031,18.5078125,1.064453125,40,22,51,51,0.151390051,0.166666667,0.166666667,,
19,8,2,6.137695313,7.98828125,1.036132813,23.16699219,26.33203125,1.078125,50,24,51,51,0.157989986,0.166666667,0.166666667,,
20,6,1,6.189453125,8.134765625,1.040039063,23.31347656,26.671875,1.0859375,51,25,51,51,0.158356585,0.166666667,0.166666667,,
21,4,2,6.176757813,8.139648438,1.036132813,23.28027344,26.63671875,1.091796875,51,26,51,51,0.157664853,0.166666667,0.166666667,,
22,4,2,6.225585938,8.188476563,1.0234375,23.38769531,26.60351563,1.046875,51,27,51,51,0.157933408,0.166666667,0.166666667,,
23,5,2,6.240234375,8.224609375,1.053710938,23.39453125,26.4765625,1.119140625,50,28,51,51,0.157022337,0.166666667,0.166666667,,
24,4,2,6.196289063,8.310546875,1.05859375,23.37207031,26.64648438,1.130859375,51,29,51,51,0.158562748,0.166666667,0.166666667,,
25,4,2,6.192382813,8.34765625,1.057617188,23.25195313,26.66992188,1.125,51,30,51,51,0.158108181,0.166666667,0.166666667,,
26,3,2,6.282226563,8.34765625,1.072265625,23.69726563,26.5546875,1.158203125,51,31,51,51,0.157149093,0.166666667,0.166666667,,
27,3,2,6.283203125,8.384765625,1.064453125,23.87011719,26.53320313,1.1484375,51,31,51,51,0.158001225,0.166666667,0.166666667,,
28,3,1,6.297851563,8.401367188,1.0625,24.17675781,26.62695313,1.13671875,51,32,51,51,0.157958209,0.166666667,0.166666667,,
29,3,2,6.3203125,8.48828125,1.069335938,24.21777344,26.71875,1.15625,52,33,51,51,0.158286091,0.166666667,0.166666667,,
30,3,1,6.375976563,8.514648438,1.1015625,24.30371094,26.68164063,1.228515625,52,33,51,51,0.158735232,0.166666667,0.166666667,,
31,3,2,6.416015625,8.52734375,1.098632813,24.38378906,26.52929688,1.23828125,52,34,51,51,0.157787698,0.166666667,0.166666667,,
32,4,2,6.462890625,8.49609375,1.107421875,24.54394531,26.28710938,1.251953125,52,35,68,68,0.157909769,0.2,0.2,,
33,3,1,6.427734375,8.524414063,1.084960938,24.55761719,26.25195313,1.201171875,52,35,68,68,0.158097366,0.2,0.2,,
34,3,2,6.430664063,8.564453125,1.150390625,24.49511719,26.28320313,1.35546875,52,35,68,68,0.158386424,0.2,0.2,,
35,3,2,6.575195313,8.627929688,1.375,25.25878906,26.56445313,1.94140625,53,36,68,68,0.161166527,0.2,0.2,,
36,3,2,6.94921875,8.723632813,2.256835938,26.59960938,26.4765625,4.224609375,57,37,72,68,0.166026863,0.2,0.2,,
37,3,3,7.758789063,8.76171875,4.434570313,29.26269531,26.14648438,9.7578125,65,37,68,68,0.180125438,0.2,0.2,,
38,4,3,7.974609375,8.797851563,5.103515625,30.171875,26.25976563,11.38671875,67,38,68,68,0.185000853,0.2,0.2,,
39,5,3,7.994140625,8.770507813,5.08203125,30.10742188,26.13867188,11.35546875,67,39,68,68,0.185106259,0.2,0.2,,
40,3,3,7.973632813,8.780273438,5.11328125,30.20605469,26.0390625,11.36328125,67,39,68,68,0.186773391,0.2,0.2,,
41,3,3,7.973632813,8.692382813,5.120117188,30.25,25.78710938,11.39648438,67,40,68,68,0.184660641,0.2,0.2,,
42,3,3,7.956054688,8.678710938,5.145507813,30.26367188,25.73828125,11.51171875,67,41,60,68,0.184229291,0.2,0.2,,
43,3,3,7.96875,8.630859375,5.140625,30.48632813,25.53320313,11.47265625,67,41,68,68,0.184938884,0.2,0.2,,
44,4,4,8.024414063,8.618164063,5.13671875,30.80273438,25.53125,11.36132813,67,42,68,68,0.185941375,0.2,0.2,,
45,4,4,8.037109375,8.666015625,5.115234375,30.96289063,25.54492188,11.24023438,67,42,62,68,0.186334713,0.2,0.2,,
46,4,4,7.959960938,8.610351563,5.161132813,30.40429688,25.3203125,11.3984375,67,43,68,68,0.18602043,0.2,0.2,,
47,4,4,7.958984375,8.663085938,5.125976563,30.50585938,25.43945313,11.296875,67,43,67,68,0.184929548,0.2,0.2,,
48,4,3,8,8.618164063,5.12109375,30.76074219,25.10351563,11.25585938,67,44,66,68,0.184750512,0.2,0.2,,
49,4,2,7.95703125,8.635742188,5.108398438,30.70898438,25.109375,11.1484375,66,44,77,68,0.186902437,0.2,0.2,,
50,3,4,7.979492188,8.630859375,5.189453125,30.82226563,25.05859375,11.28515625,67,45,68,68,0.185182602,0.2,0.2,,
,316,122,438,,,,,,,,,,,,,,
0,70,29,3.115234375,2.157226563,1.90625,9.444335938,3.876953125,3.15625,16,16,28,28,0.111206055,0.125,0.125,,
1,18,2,3.372070313,2.34765625,1.912109375,10.63867188,4.3984375,3.201171875,18,17,16,28,0.113113064,0.125,0.125,,
2,23,1,4.385742188,2.822265625,1.962890625,15.5625,5.556640625,3.34375,24,19,32,32,0.119649058,0.142857143,0.142857143,,
3,14,2,5.028320313,3.045898438,1.985351563,18.51464844,6.115234375,3.345703125,27,21,32,32,0.123538256,0.142857143,0.142857143,,
4,11,1,5.064453125,3.104492188,1.962890625,18.41210938,6.20703125,3.294921875,27,23,32,32,0.123866877,0.142857143,0.142857143,,
5,13,2,5.239257813,3.159179688,1.918945313,19.29394531,6.21484375,3.12890625,28,23,30,30,0.125742885,0.166666667,0.166666667,,
6,10,2,5.462890625,3.423828125,1.916992188,20.73828125,6.337890625,3.029296875,30,24,32,30,0.132362231,0.166666667,0.166666667,,
7,5,1,5.651367188,3.662109375,1.908203125,22.42089844,6.369140625,2.865234375,31,25,32,30,0.140360708,0.166666667,0.166666667,,
8,4,1,5.530273438,3.755859375,1.959960938,22.32421875,6.587890625,2.982421875,31,26,32,32,0.147243924,0.2,0.2,,
9,3,1,5.2421875,3.831054688,1.965820313,22.07324219,6.744140625,2.935546875,31,26,32,32,0.159020802,0.2,0.2,,
10,4,1,5.264648438,3.823242188,2.00390625,22.15039063,6.765625,3.02734375,31,27,32,32,0.162142315,0.2,0.2,,
11,2,1,5.307617188,3.854492188,1.98828125,22.16113281,6.853515625,3,32,27,32,32,0.168904658,0.2,0.2,,
12,4,2,5.361328125,3.868164063,1.991210938,22.15332031,7.013671875,2.9921875,32,28,34,32,0.185868908,0.2,0.2,,
13,4,1,5.396484375,3.83984375,2.004882813,22.18652344,6.978515625,3.03515625,32,28,28,32,0.190214224,0.2,0.2,,
14,5,2,5.486328125,3.849609375,1.978515625,22.18554688,7.021484375,2.986328125,32,28,32,32,0.188231259,0.2,0.2,,
15,4,2,5.524414063,3.809570313,1.985351563,22.32421875,6.876953125,3.009765625,32,28,56,32,0.189075288,0.2,0.2,,
16,5,1,5.583007813,3.889648438,1.97265625,22.41113281,7.04296875,2.9921875,32,29,38,32,0.188119265,0.2,0.2,,
17,4,1,5.619140625,3.846679688,1.990234375,22.58886719,7.056640625,3.046875,32,29,32,32,0.188364216,0.2,0.2,,
18,3,1,5.641601563,3.866210938,1.998046875,22.68945313,7.078125,3.05859375,32,29,32,32,0.188311864,0.2,0.2,,
19,4,1,5.678710938,3.8203125,2.03125,22.890625,6.935546875,3.16796875,32,29,30,32,0.189057462,0.2,0.2,,
20,3,2,5.7421875,3.833007813,2.048828125,23.17773438,6.951171875,3.22265625,33,29,30,32,0.19015222,0.2,0.2,,
21,3,1,5.782226563,3.796875,2.028320313,23.19140625,6.83203125,3.181640625,33,29,28,32,0.190408761,0.2,0.2,,
22,4,1,5.836914063,3.818359375,2.0078125,23.20703125,6.849609375,3.1484375,33,30,32,32,0.188879588,0.2,0.2,,
23,4,2,5.87890625,3.837890625,2.052734375,23.39746094,6.90625,3.26953125,33,30,32,32,0.187775565,0.2,0.2,,
24,4,1,5.91015625,3.81640625,2.013671875,23.5625,6.845703125,3.1640625,33,30,32,32,0.188677688,0.2,0.2,,
25,3,2,5.973632813,3.864257813,2.040039063,23.60644531,6.951171875,3.21875,33,30,32,32,0.189927103,0.25,0.25,,
26,4,2,6.004882813,3.88671875,2.048828125,23.43261719,7.0390625,3.228515625,33,30,32,32,0.189287652,0.25,0.25,,
27,2,1,6.063476563,3.8828125,2.043945313,23.57226563,7.048828125,3.19921875,33,30,32,32,0.190831163,0.25,0.25,,
28,3,1,6.0703125,3.919921875,2.012695313,23.18261719,7.095703125,3.125,33,30,32,32,0.198272414,0.25,0.25,,
29,2,1,6.119140625,3.96484375,2.015625,22.45898438,7.072265625,3.068359375,32,30,32,32,0.218205528,0.25,0.25,,
30,3,1,6.1796875,3.916015625,1.993164063,22.21191406,6.978515625,2.9921875,32,30,32,32,0.229228671,0.25,0.25,,
31,1,1,6.20703125,3.90625,1.993164063,22.2890625,6.94921875,3.00390625,32,30,32,32,0.229641385,0.25,0.25,,
32,2,1,6.196289063,3.892578125,2.01171875,22.22753906,6.912109375,3.044921875,32,31,32,32,0.229954892,0.25,0.25,,
33,2,1,6.206054688,3.889648438,1.994140625,22.34960938,6.962890625,3.00390625,32,31,32,32,0.231309679,0.25,0.25,,
34,2,1,6.193359375,3.889648438,2.008789063,22.09277344,6.935546875,3.0390625,32,31,32,32,0.229620846,0.25,0.25,,
35,3,1,6.25,3.890625,2.020507813,22.45117188,6.93359375,3.0625,32,31,32,32,0.231163194,0.25,0.25,,
36,2,1,6.267578125,3.895507813,2.026367188,22.37890625,6.9296875,3.07421875,32,31,32,32,0.230846587,0.25,0.25,,
37,2,1,6.254882813,3.90234375,2.006835938,22.39355469,6.947265625,3.029296875,32,31,32,32,0.229660373,0.25,0.25,,
38,2,1,6.301757813,3.904296875,2.015625,22.27734375,6.95703125,3.046875,32,31,32,32,0.231684028,0.25,0.25,,
39,2,1,6.356445313,3.91015625,2.022460938,22.34179688,6.970703125,3.064453125,32,31,32,32,0.230805509,0.25,0.25,,
40,2,1,6.369140625,3.8984375,2.036132813,22.4296875,6.935546875,3.095703125,32,31,32,32,0.231301541,0.25,0.25,,
41,2,1,6.383789063,3.901367188,2.0078125,22.44824219,6.951171875,3.033203125,32,31,32,32,0.229594494,0.25,0.25,,
42,1,2,6.432617188,3.896484375,2.030273438,22.57128906,6.970703125,3.08203125,32,31,32,32,0.229418945,0.25,0.25,,
43,2,1,6.442382813,3.915039063,2.041992188,22.4375,6.98828125,3.123046875,32,31,32,32,0.231411985,0.25,0.25,,
44,2,1,6.413085938,3.880859375,2.02734375,22.47949219,6.94921875,3.076171875,32,31,32,32,0.227730887,0.25,0.25,,
45,2,1,6.405273438,3.907226563,2.026367188,22.36230469,6.990234375,3.083984375,32,31,32,32,0.230385432,0.25,0.25,,
46,2,1,6.4453125,3.911132813,2.03125,22.55957031,7.01171875,3.10546875,32,31,32,32,0.230799309,0.25,0.25,,
47,2,1,6.469726563,3.924804688,2.018554688,22.72070313,7.017578125,3.078125,32,31,32,32,0.228722563,0.25,0.25,,
48,2,1,6.484375,3.895507813,2.009765625,22.58300781,6.978515625,3.048828125,32,31,32,32,0.228589255,0.25,0.25,,
49,2,1,6.541015625,3.904296875,2.013671875,22.87890625,7.00390625,3.048828125,32,31,32,32,0.232490854,0.25,0.25,,
50,2,1,6.544921875,3.897460938,2.012695313,22.70019531,6.95703125,3.046875,32,31,32,32,0.230213759,0.25,0.25,,
,284,91,375,,,,,,,,,,,,,,
0,88,28,3.138671875,2.09375,1.869140625,9.552734375,3.734375,3.025390625,16,16,46,46,0.111206477,0.142857143,0.142857143,,
1,19,1,3.379882813,2.193359375,1.912109375,10.41308594,4.056640625,3.150390625,17,16,46,46,0.113065786,0.142857143,0.142857143,,
2,17,1,4.25,2.412109375,2.24609375,13.92382813,4.865234375,4.029296875,22,18,46,46,0.119423518,0.142857143,0.142857143,,
3,21,1,4.955078125,2.8984375,2.587890625,17.80566406,6.453125,4.873046875,29,21,46,46,0.125646004,0.142857143,0.142857143,,
4,14,3,5.354492188,4.237304688,2.331054688,23.32519531,11.125,3.966796875,38,24,44,46,0.131768931,0.142857143,0.142857143,,
5,13,3,5.734375,5.264648438,2.00390625,28.46191406,14.87304688,3.017578125,46,28,46,46,0.137091972,0.166666667,0.166666667,,
6,7,4,5.815429688,5.3203125,2.004882813,28.70507813,14.89453125,3.021484375,46,31,46,46,0.137158344,0.166666667,0.166666667,,
7,7,3,5.916015625,5.451171875,1.993164063,28.48144531,14.9140625,2.990234375,46,32,46,46,0.139138067,0.166666667,0.166666667,,
8,7,3,5.859375,5.923828125,1.995117188,28.58300781,14.875,2.9921875,46,34,44,46,0.146201517,0.166666667,0.166666667,,
9,6,4,5.650390625,6.6015625,1.989257813,28.07617188,14.875,2.9921875,45,35,46,46,0.156073289,0.2,0.2,,
10,5,3,5.694335938,6.654296875,2.001953125,28.12011719,14.91992188,3.013671875,46,36,46,46,0.157495117,0.2,0.2,,
11,6,3,5.7109375,6.629882813,1.994140625,28.1796875,14.82617188,2.994140625,46,37,46,46,0.15886618,0.2,0.2,,
12,5,4,5.815429688,6.6484375,1.994140625,28.41796875,14.890625,2.998046875,46,38,46,46,0.16144787,0.2,0.2,,
13,5,4,5.961914063,6.70703125,1.998046875,28.27636719,14.87304688,3.00390625,46,38,46,46,0.168866645,0.2,0.2,,
14,4,3,6.067382813,6.884765625,1.989257813,28.15429688,14.88085938,2.98828125,46,39,46,46,0.182885355,0.2,0.2,,
15,5,2,6.061523438,6.8984375,1.991210938,27.98242188,14.88085938,2.98828125,45,39,46,46,0.186435082,0.2,0.2,,
16,5,3,6.092773438,6.891601563,2.013671875,27.97167969,14.85546875,3.0546875,45,39,46,46,0.18393826,0.2,0.2,,
17,5,2,6.090820313,6.908203125,2.0078125,28.12109375,14.86523438,3.01953125,46,40,46,46,0.185690259,0.2,0.2,,
18,4,3,6.102539063,6.92578125,2.022460938,28.10449219,14.90429688,3.048828125,46,40,46,46,0.185601516,0.2,0.2,,
19,5,3,6.10546875,6.931640625,2.026367188,28.15820313,14.93164063,3.06640625,46,40,46,46,0.184421891,0.2,0.2,,
20,4,4,6.112304688,6.88671875,2.01953125,27.99316406,14.80859375,3.05859375,45,41,46,46,0.184616815,0.2,0.2,,
21,4,3,6.120117188,6.904296875,2.026367188,28.05664063,14.83789063,3.064453125,45,41,46,46,0.185537962,0.2,0.2,,
22,5,3,6.163085938,6.91796875,2.045898438,28.19824219,14.9296875,3.095703125,46,41,46,46,0.18531746,0.2,0.2,,
23,5,3,6.19140625,6.915039063,2.048828125,28.41015625,14.9296875,3.115234375,46,41,46,46,0.185671658,0.2,0.2,,
24,3,3,6.223632813,6.892578125,2.0703125,28.41015625,14.87890625,3.154296875,46,41,46,46,0.185072545,0.2,0.2,,
25,3,2,6.219726563,6.901367188,2.05078125,28.5234375,14.875,3.10546875,46,42,46,46,0.185955714,0.2,0.2,,
26,4,2,6.251953125,6.887695313,2.073242188,28.62695313,14.85546875,3.166015625,46,42,46,46,0.185711573,0.2,0.2,,
27,4,3,6.2578125,6.868164063,2.055664063,28.40820313,14.82226563,3.1328125,46,42,46,46,0.185672821,0.2,0.2,,
28,4,3,6.298828125,6.8671875,2.048828125,28.40527344,14.81054688,3.109375,46,42,46,46,0.185273282,0.2,0.2,,
29,4,3,6.295898438,6.888671875,2.065429688,28.31835938,14.88671875,3.1484375,46,42,46,46,0.18518845,0.2,0.2,,
30,4,3,6.362304688,6.8828125,2.028320313,28.60546875,14.84765625,3.068359375,46,42,55,46,0.185171399,0.2,0.2,,
31,5,3,6.375976563,6.850585938,2.022460938,28.56738281,14.75390625,3.056640625,46,42,46,46,0.183244203,0.2,0.2,,
32,3,3,6.373046875,6.887695313,2.03125,28.73339844,14.84960938,3.078125,46,43,46,46,0.187019469,0.2,0.2,,
33,5,2,6.4375,6.8671875,2.033203125,28.93847656,14.78125,3.087890625,46,43,46,46,0.18586697,0.2,0.2,,
34,4,2,6.438476563,6.8984375,2.041992188,28.95605469,14.83398438,3.103515625,46,43,46,46,0.184559074,0.2,0.2,,
35,4,3,6.500976563,6.897460938,2.032226563,29.3828125,14.88671875,3.07421875,47,43,46,46,0.185615079,0.2,0.2,,
36,4,3,6.564453125,6.877929688,2.030273438,29.734375,14.81445313,3.07421875,47,43,46,46,0.186552889,0.2,0.2,,
37,4,3,6.58984375,6.86328125,2.017578125,29.76757813,14.8046875,3.0546875,47,43,46,46,0.185703047,0.2,0.2,,
38,4,3,6.598632813,6.869140625,2.001953125,30.08789063,14.77734375,3.015625,47,43,46,46,0.186899337,0.2,0.2,,
39,4,3,6.614257813,6.866210938,2.002929688,29.98828125,14.84179688,3.0078125,47,43,59,46,0.186110371,0.2,0.2,,
40,5,2,6.69140625,6.859375,2.018554688,30.63183594,14.7890625,3.046875,48,43,46,46,0.186801293,0.2,0.2,,
41,4,3,6.681640625,6.84765625,2.001953125,30.32421875,14.77734375,3.00390625,48,43,46,46,0.186340913,0.2,0.2,,
42,3,2,6.682617188,6.889648438,2.010742188,30.37304688,14.86328125,3.025390625,48,44,46,46,0.187485662,0.2,0.2,,
43,5,2,6.721679688,6.897460938,2.001953125,30.54394531,14.85351563,3.01171875,48,44,46,46,0.186419193,0.2,0.2,,
44,4,3,6.797851563,6.881835938,2.015625,30.68847656,14.80078125,3.0390625,48,44,46,46,0.185348075,0.2,0.2,,
45,3,2,6.88671875,6.890625,1.995117188,31.08691406,14.84960938,2.9921875,48,44,46,46,0.185249291,0.2,0.2,,
46,4,2,6.984375,6.853515625,2.009765625,31.38378906,14.74609375,3.02734375,49,44,46,46,0.18644322,0.2,0.2,,
47,3,2,6.958007813,6.90625,2,31.40136719,14.86914063,3.005859375,49,44,46,46,0.184746249,0.2,0.2,,
48,4,2,6.99609375,6.904296875,1.986328125,31.3671875,14.85351563,2.974609375,49,44,40,46,0.184772636,0.2,0.2,,
49,3,2,7.044921875,6.875,2.000976563,31.54492188,14.796875,3.017578125,49,44,46,46,0.185588728,0.2,0.2,,
50,3,3,7.108398438,6.903320313,2.000976563,32.00976563,14.87109375,3.013671875,49,44,46,46,0.186138238,0.2,0.2,,
,370,163,533,,,,,,,,,,,,,,
0,68,27,3.326171875,2.01171875,1.838867188,10.07910156,3.45703125,2.953125,16,16,21,21,0.111163814,0.142857143,0.142857143,,
1,19,1,3.51171875,2.123046875,1.876953125,10.55273438,3.75390625,3.048828125,17,16,21,21,0.112562004,0.142857143,0.142857143,,
2,18,1,4.299804688,2.186523438,1.891601563,13.71582031,3.7421875,3.107421875,20,18,21,21,0.117802114,0.142857143,0.142857143,,
3,18,1,5.119140625,2.27734375,2.002929688,16.69335938,3.80078125,3.314453125,23,19,21,21,0.124460953,0.142857143,0.142857143,,
4,10,1,5.194335938,1.85546875,2.313476563,16.30078125,2.869140625,3.83984375,23,20,21,21,0.129411582,0.142857143,0.142857143,,
5,12,0,5.137695313,1.171875,2.836914063,15.14453125,1.380859375,4.697265625,21,20,21,21,0.139162094,0.142857143,0.142857143,,
6,15,0,5.149414063,1.124023438,2.893554688,15.05175781,1.267578125,4.8046875,21,20,21,21,0.140117343,0.142857143,0.142857143,,
7,12,0,5.176757813,1.13671875,2.856445313,15.11425781,1.28515625,4.72265625,21,20,21,21,0.140283978,0.142857143,0.142857143,,
8,4,0,5.198242188,1.168945313,2.850585938,15.15625,1.375,4.728515625,21,20,21,21,0.140359546,0.142857143,0.142857143,,
9,3,1,5.233398438,1.1953125,2.819335938,15.16894531,1.435546875,4.669921875,21,20,21,21,0.139687965,0.142857143,0.142857143,,
10,2,1,5.223632813,1.258789063,2.79296875,15.16796875,1.56640625,4.619140625,21,20,21,21,0.140063864,0.142857143,0.142857143,,
11,2,1,5.203125,1.28515625,2.80078125,15.07519531,1.619140625,4.677734375,21,20,21,21,0.139997985,0.142857143,0.142857143,,
12,3,0,5.21875,1.317382813,2.685546875,15.08203125,1.705078125,4.392578125,21,20,23,21,0.140419612,0.142857143,0.142857143,,
13,3,0,5.237304688,1.37890625,2.686523438,15.09082031,1.826171875,4.439453125,21,20,23,21,0.139979771,0.142857143,0.142857143,,
14,4,0,5.290039063,1.416015625,2.682617188,15.06933594,1.927734375,4.408203125,21,20,21,21,0.139813911,0.142857143,0.142857143,,
15,6,1,5.28515625,1.498046875,2.592773438,15.1796875,2.126953125,4.236328125,21,20,27,21,0.139888703,0.142857143,0.142857143,,
16,5,1,5.302734375,1.580078125,2.614257813,15.19824219,2.2890625,4.28125,21,21,21,21,0.140052238,0.142857143,0.142857143,,
17,5,0,5.278320313,1.732421875,2.640625,15.13964844,2.646484375,4.33984375,22,21,21,21,0.140546332,0.142857143,0.142857143,,
18,4,1,5.345703125,1.795898438,2.596679688,15.36914063,2.794921875,4.259765625,22,21,19,21,0.14034792,0.142857143,0.142857143,,
19,5,1,5.356445313,1.897460938,2.583984375,15.24414063,3.060546875,4.283203125,22,21,19,21,0.140383572,0.142857143,0.142857143,,
20,4,1,5.408203125,1.833007813,2.564453125,15.4296875,2.888671875,4.21484375,22,21,23,21,0.140061151,0.142857143,0.142857143,,
21,5,1,5.379882813,1.8984375,2.543945313,15.41894531,3.044921875,4.171875,22,21,17,21,0.139951482,0.142857143,0.142857143,,
22,3,1,5.408203125,1.930664063,2.59375,15.44726563,3.10546875,4.2734375,22,21,23,21,0.13976857,0.142857143,0.142857143,,
23,3,0,5.33984375,1.90625,2.6484375,15.11035156,3.041015625,4.392578125,22,21,19,21,0.140811012,0.142857143,0.142857143,,
24,4,0,5.383789063,1.978515625,2.559570313,15.25195313,3.2421875,4.19140625,22,21,21,21,0.140218099,0.142857143,0.142857143,,
25,3,1,5.37890625,2.038085938,2.551757813,15.18261719,3.400390625,4.177734375,22,21,29,21,0.140074715,0.142857143,0.142857143,,
26,3,1,5.368164063,2.015625,2.590820313,15.25878906,3.349609375,4.255859375,22,21,21,21,0.14012393,0.142857143,0.142857143,,
27,3,1,5.397460938,2.00390625,2.545898438,15.27441406,3.298828125,4.13671875,22,21,23,21,0.139985584,0.142857143,0.142857143,,
28,4,0,5.393554688,1.943359375,2.512695313,15.33984375,3.150390625,4.078125,22,21,27,21,0.140059214,0.142857143,0.142857143,,
29,4,0,5.415039063,1.974609375,2.5,15.37988281,3.265625,4.06640625,22,21,21,21,0.140109592,0.142857143,0.142857143,,
30,4,0,5.422851563,1.93359375,2.479492188,15.20703125,3.162109375,4.05859375,22,21,21,21,0.140032862,0.142857143,0.142857143,,
31,2,0,5.426757813,1.92578125,2.477539063,15.27929688,3.126953125,4.130859375,22,21,43,21,0.140092153,0.142857143,0.142857143,,
32,2,0,5.434570313,1.969726563,2.453125,15.39355469,3.259765625,4.1015625,22,21,17,21,0.140708318,0.142857143,0.142857143,,
33,1,1,5.455078125,1.981445313,2.405273438,15.28808594,3.279296875,4,22,21,19,21,0.140468828,0.142857143,0.142857143,,
34,2,0,5.461914063,1.983398438,2.387695313,15.29296875,3.294921875,3.939453125,22,21,19,21,0.139918542,0.142857143,0.142857143,,
35,2,0,5.448242188,1.994140625,2.4140625,15.40429688,3.3984375,4.0390625,22,21,21,21,0.140178184,0.142857143,0.142857143,,
36,1,1,5.44140625,1.96484375,2.43359375,15.37988281,3.3984375,4.126953125,22,21,17,21,0.140255689,0.142857143,0.142857143,,
37,3,0,5.481445313,1.94140625,2.4609375,15.39355469,3.30859375,4.166015625,22,21,35,21,0.140422325,0.142857143,0.142857143,,
38,2,1,5.522460938,1.953125,2.438476563,15.37011719,3.373046875,4.17578125,22,21,19,21,0.140125093,0.142857143,0.142857143,,
39,2,0,5.498046875,1.946289063,2.483398438,15.33105469,3.365234375,4.296875,22,21,21,21,0.140087891,0.142857143,0.142857143,,
40,2,1,5.536132813,1.944335938,2.536132813,15.44824219,3.375,4.44921875,23,21,17,21,0.140099516,0.142857143,0.142857143,,
41,2,0,5.497070313,2.029296875,2.60546875,15.25878906,3.615234375,4.736328125,23,22,21,21,0.140114242,0.142857143,0.142857143,,
42,2,1,5.536132813,2.036132813,2.583007813,15.328125,3.681640625,4.69921875,23,22,35,21,0.140442863,0.142857143,0.142857143,,
43,2,0,5.557617188,2.045898438,2.534179688,15.49804688,3.73828125,4.62109375,23,22,19,21,0.140198723,0.142857143,0.142857143,,
44,3,0,5.569335938,2.123046875,2.435546875,15.81054688,3.984375,4.392578125,24,22,37,21,0.140419612,0.142857143,0.142857143,,
45,2,1,5.646484375,2.114257813,2.435546875,16.08300781,3.982421875,4.41796875,24,22,63,21,0.140574622,0.142857143,0.142857143,,
46,2,0,5.614257813,2.201171875,2.46875,15.74121094,4.28125,4.498046875,24,22,25,21,0.140516493,0.142857143,0.142857143,,
47,1,1,5.599609375,2.134765625,2.49609375,15.72753906,4.0859375,4.583984375,24,22,21,21,0.140816437,0.142857143,0.142857143,,
48,1,1,5.568359375,2.103515625,2.428710938,15.53515625,3.95703125,4.435546875,23,22,17,21,0.140694754,0.142857143,0.142857143,,
49,2,0,5.538085938,2.153320313,2.515625,15.40527344,4.056640625,4.671875,24,22,21,21,0.140555246,0.142857143,0.142857143,,
50,2,0,5.611328125,2.287109375,2.461914063,15.80371094,4.39453125,4.513671875,24,22,17,21,0.140390547,0.142857143,0.142857143,,
,296,52,348,,,,,,,,,,,,,,
